ABUNDANCE,ADDITIONS,AGGREGATED,CLASS,CONDITION,CORRECTED,CTDEEP.LabID,DATE_COL,DEEPTaxaID,Device,DISTINCT,FAMILY,GENUS,Habitat,IMMATURE,INDETERMINATE,INFRACLASS,INFRAORDER,KINGDOM,LAB_COM,LAB_NAME,LAB_SAMPLE_ID,LAB_TIN,LIFE_STAGE,ORDER,PHYLUM,Rep,SAMPTYPE,SERIAL,SPECIES,staSeq,Stream,SUBCLASS,SUBFAMILY,SUBGENUS,SUBORDER,SUBPHYLUM,SUBSPECIES,SUBTRIBE,SUPERFAMILY,SUPERORDER,TAXON_NAME,TAXONOMIST,TRIBE,X._IN_RC,X._SUB,RBV
1,,0,Insecta,N,1,RBV-2024-001,4/12/2024,863,KN1M2,Y,Ptilodactylidae,Anchytarsus,Riffle,N,N,,,Animalia,,EcoAnalysts,8436.6-1,2696,Larvae,Coleoptera,Arthropoda,1,ABM-RBV,114668,Anchytarsus bicolor,15314,Un-named Tributary of Main Stem of Eightmile at Pleasant Valley Preserve,Pterygota,,,Polyphaga,Hexapoda,,,,,Anchytarsus bicolor,L. Smith,,0,100,1
2,,0,Insecta,N,2,RBV-2024-001,4/12/2024,742,KN1M2,Y,Tipulidae,Tipula,Riffle,N,N,,,Animalia,,EcoAnalysts,8436.6-1,764,Larvae,Diptera,Arthropoda,1,ABM-RBV,119037,sp.,15314,Un-named Tributary of Main Stem of Eightmile at Pleasant Valley Preserve,,Tipulinae,,,Hexapoda,,,,,Tipula sp.,L. Smith,,0,100,1
1,,0,Insecta,N,1,RBV-2024-001,4/12/2024,420,KN1M2,Y,Heptageniidae,Epeorus,Riffle,N,N,,,Animalia,,EcoAnalysts,8436.6-1,209,Larvae,Ephemeroptera,Arthropoda,1,ABM-RBV,100626,sp.,15314,Un-named Tributary of Main Stem of Eightmile at Pleasant Valley Preserve,,,,,Hexapoda,,,,,Epeorus sp.,L. Smith,,0,100,1
2,,0,Insecta,N,2,RBV-2024-001,4/12/2024,994,KN1M2,Y,Heptageniidae,Maccaffertium,Riffle,N,N,,,Animalia,,EcoAnalysts,8436.6-1,232,Larvae,Ephemeroptera,Arthropoda,1,ABM-RBV,100532,Maccaffertium modestum,15314,Un-named Tributary of Main Stem of Eightmile at Pleasant Valley Preserve,,,,,Hexapoda,,,,,Maccaffertium modestum,L. Smith,,0,100,1
1,,0,Insecta,N,1,RBV-2024-001,4/12/2024,67,KN1M2,Y,Heptageniidae,Maccaffertium,Riffle,Y,N,,,Animalia,,EcoAnalysts,8436.6-1,236,Larvae,Ephemeroptera,Arthropoda,1,ABM-RBV,697957,sp.,15314,Un-named Tributary of Main Stem of Eightmile at Pleasant Valley Preserve,,,,,Hexapoda,,,,,Maccaffertium sp.,L. Smith,,0,100,1
1,,0,Insecta,N,1,RBV-2024-001,4/12/2024,750,KN1M2,Y,Corydalidae,Nigronia,Riffle,N,N,,,Animalia,,EcoAnalysts,8436.6-1,3686,Larvae,Megaloptera,Arthropoda,1,ABM-RBV,115031,Nigronia serricornis,15314,Un-named Tributary of Main Stem of Eightmile at Pleasant Valley Preserve,Pterygota,Chauliodinae,,,Hexapoda,,,,Neuropterida,Nigronia serricornis,L. Smith,,0,100,1
1,,0,Insecta,N,1,RBV-2024-001,4/12/2024,883,KN1M2,Y,Aeshnidae,Boyeria,Riffle,N,N,,,Animalia,,EcoAnalysts,8436.6-1,2797,Larvae,Odonata,Arthropoda,1,ABM-RBV,101647,Boyeria vinosa,15314,Un-named Tributary of Main Stem of Eightmile at Pleasant Valley Preserve,,,,Anisoptera,Hexapoda,,,,,Boyeria vinosa,L. Smith,,0,100,1
1,,0,Insecta,N,1,RBV-2024-001,4/12/2024,893,KN1M2,Y,Cordulegastridae,Cordulegaster,Riffle,N,N,,,Animalia,,EcoAnalysts,8436.6-1,3692,Larvae,Odonata,Arthropoda,1,ABM-RBV,102031,Cordulegaster maculata,15314,Un-named Tributary of Main Stem of Eightmile at Pleasant Valley Preserve,,,,Anisoptera,Hexapoda,,,,,Cordulegaster maculata,L. Smith,,0,100,1
3,,0,Insecta,N,3,RBV-2024-001,4/12/2024,325,KN1M2,Y,Peltoperlidae,Tallaperla,Riffle,N,N,,,Animalia,,EcoAnalysts,8436.6-1,355,Larvae,Plecoptera,Arthropoda,1,ABM-RBV,102500,sp.,15314,Un-named Tributary of Main Stem of Eightmile at Pleasant Valley Preserve,Pterygota,,,,Hexapoda,,,,,Tallaperla sp.,L. Smith,,0,100,1
5,,0,Insecta,N,5,RBV-2024-001,4/12/2024,354,KN1M2,Y,Perlidae,Eccoptura,Riffle,N,N,,,Animalia,,EcoAnalysts,8436.6-1,1354,Larvae,Plecoptera,Arthropoda,1,ABM-RBV,102940,Eccoptura xanthenes,15314,Un-named Tributary of Main Stem of Eightmile at Pleasant Valley Preserve,Pterygota,,,,Hexapoda,,,,,Eccoptura xanthenes,L. Smith,,0,100,1
1,,0,Insecta,N,1,RBV-2024-001,4/12/2024,774,KN1M2,Y,Hydropsychidae,Hydropsyche,Riffle,N,N,,,Animalia,,EcoAnalysts,8436.6-1,546,Larvae,Trichoptera,Arthropoda,1,ABM-RBV,115454,Hydropsyche betteni,15314,Un-named Tributary of Main Stem of Eightmile at Pleasant Valley Preserve,Pterygota,Hydropsychinae,,,Hexapoda,,,,,Hydropsyche betteni,L. Smith,,0,100,1
1,,0,Insecta,N,1,RBV-2024-001,4/12/2024,137,KN1M2,Y,Rhyacophilidae,Rhyacophila,Riffle,N,N,,,Animalia,,EcoAnalysts,8436.6-1,3135,Larvae,Trichoptera,Arthropoda,1,ABM-RBV,115144,Rhyacophila torva,15314,Un-named Tributary of Main Stem of Eightmile at Pleasant Valley Preserve,Pterygota,,,,Hexapoda,,,,,Rhyacophila torva,L. Smith,,0,100,1
1,,0,Insecta,N,1,RBV-2024-001,4/12/2024,813,KN1M2,Y,Uenoidae,Neophylax,Riffle,N,N,,,Animalia,,EcoAnalysts,8436.6-1,687,Larvae,Trichoptera,Arthropoda,1,ABM-RBV,116046,sp.,15314,Un-named Tributary of Main Stem of Eightmile at Pleasant Valley Preserve,Pterygota,,,,Hexapoda,,,,,Neophylax sp.,L. Smith,,0,100,1
2,,0,Insecta,N,2,RBV-2024-002,4/12/2024,551,KN1M2,Y,Chironomidae,,Riffle,N,N,,,Animalia,,EcoAnalysts,8436.6-2,765,Larvae,Diptera,Arthropoda,1,ABM-RBV,127917,,19215,Ransom Brook ,,,,Nematocera,Hexapoda,,,,,Chironomidae,L. Smith,,0,100,1
2,,0,Insecta,N,2,RBV-2024-002,4/12/2024,684,KN1M2,Y,Simuliidae,Prosimulium,Riffle,N,N,,,Animalia,,EcoAnalysts,8436.6-2,726,Larvae,Diptera,Arthropoda,1,ABM-RBV,126703,sp.,19215,Ransom Brook ,,,,Nematocera,Hexapoda,,,,,Prosimulium sp.,L. Smith,,0,100,1
4,,0,Insecta,N,4,RBV-2024-002,4/12/2024,742,KN1M2,Y,Tipulidae,Tipula,Riffle,N,N,,,Animalia,,EcoAnalysts,8436.6-2,764,Larvae,Diptera,Arthropoda,1,ABM-RBV,119037,sp.,19215,Ransom Brook ,,Tipulinae,,,Hexapoda,,,,,Tipula sp.,L. Smith,,0,100,1
14,,0,Insecta,N,14,RBV-2024-002,4/12/2024,900,KN1M2,Y,Ephemerellidae,Ephemerella,Riffle,N,N,,,Animalia,,EcoAnalysts,8436.6-2,177,Larvae,Ephemeroptera,Arthropoda,1,ABM-RBV,NA,Ephemerella dorothea/excrucians,19215,Ransom Brook ,,,,,Hexapoda,,,,,Ephemerella dorothea/excrucians,L. Smith,,0,100,1
1,,0,Insecta,N,1,RBV-2024-002,4/12/2024,456,KN1M2,Y,Ephemerellidae,Ephemerella,Riffle,N,Y,,,Animalia,,EcoAnalysts,8436.6-2,183,Larvae,Ephemeroptera,Arthropoda,1,ABM-RBV,101233,sp.,19215,Ransom Brook ,,,,,Hexapoda,,,,,Ephemerella sp.,L. Smith,,0,100,1
1,,0,Insecta,N,1,RBV-2024-002,4/12/2024,420,KN1M2,Y,Heptageniidae,Epeorus,Riffle,N,N,,,Animalia,,EcoAnalysts,8436.6-2,209,Larvae,Ephemeroptera,Arthropoda,1,ABM-RBV,100626,sp.,19215,Ransom Brook ,,,,,Hexapoda,,,,,Epeorus sp.,L. Smith,,0,100,1
1,,0,Insecta,N,1,RBV-2024-002,4/12/2024,69,KN1M2,Y,Heptageniidae,Maccaffertium,Riffle,N,N,,,Animalia,,EcoAnalysts,8436.6-2,230,Larvae,Ephemeroptera,Arthropoda,1,ABM-RBV,100530,Maccaffertium mediopunctatum,19215,Ransom Brook ,,,,,Hexapoda,,,,,Maccaffertium mediopunctatum,L. Smith,,0,100,1
1,,0,Insecta,N,1,RBV-2024-002,4/12/2024,994,KN1M2,Y,Heptageniidae,Maccaffertium,Riffle,N,N,,,Animalia,,EcoAnalysts,8436.6-2,232,Larvae,Ephemeroptera,Arthropoda,1,ABM-RBV,100532,Maccaffertium modestum,19215,Ransom Brook ,,,,,Hexapoda,,,,,Maccaffertium modestum,L. Smith,,0,100,1
2,,0,Insecta,N,2,RBV-2024-002,4/12/2024,750,KN1M2,Y,Corydalidae,Nigronia,Riffle,N,N,,,Animalia,,EcoAnalysts,8436.6-2,3686,Larvae,Megaloptera,Arthropoda,1,ABM-RBV,115031,Nigronia serricornis,19215,Ransom Brook ,Pterygota,Chauliodinae,,,Hexapoda,,,,Neuropterida,Nigronia serricornis,L. Smith,,0,100,1
1,,0,Insecta,N,1,RBV-2024-002,4/12/2024,883,KN1M2,Y,Aeshnidae,Boyeria,Riffle,N,N,,,Animalia,,EcoAnalysts,8436.6-2,2797,Larvae,Odonata,Arthropoda,1,ABM-RBV,101647,Boyeria vinosa,19215,Ransom Brook ,,,,Anisoptera,Hexapoda,,,,,Boyeria vinosa,L. Smith,,0,100,1
1,,0,Insecta,N,1,RBV-2024-002,4/12/2024,319,KN1M2,Y,Nemouridae,Amphinemura,Riffle,N,N,,,Animalia,,EcoAnalysts,8436.6-2,337,Larvae,Plecoptera,Arthropoda,1,ABM-RBV,102540,sp.,19215,Ransom Brook ,Pterygota,,,,Hexapoda,,,,,Amphinemura sp.,L. Smith,,0,100,1
1,,0,Insecta,N,1,RBV-2024-002,4/12/2024,325,KN1M2,Y,Peltoperlidae,Tallaperla,Riffle,N,N,,,Animalia,,EcoAnalysts,8436.6-2,355,Larvae,Plecoptera,Arthropoda,1,ABM-RBV,102500,sp.,19215,Ransom Brook ,Pterygota,,,,Hexapoda,,,,,Tallaperla sp.,L. Smith,,0,100,1
3,,0,Insecta,N,3,RBV-2024-002,4/12/2024,354,KN1M2,Y,Perlidae,Eccoptura,Riffle,N,N,,,Animalia,,EcoAnalysts,8436.6-2,1354,Larvae,Plecoptera,Arthropoda,1,ABM-RBV,102940,Eccoptura xanthenes,19215,Ransom Brook ,Pterygota,,,,Hexapoda,,,,,Eccoptura xanthenes,L. Smith,,0,100,1
3,,0,Insecta,N,3,RBV-2024-002,4/12/2024,359,KN1M2,Y,Perlidae,Paragnetina,Riffle,N,N,,,Animalia,,EcoAnalysts,8436.6-2,378,Larvae,Plecoptera,Arthropoda,1,ABM-RBV,102968,Paragnetina media,19215,Ransom Brook ,Pterygota,,,,Hexapoda,,,,,Paragnetina media,L. Smith,,0,100,1
1,,0,Insecta,N,1,RBV-2024-002,4/12/2024,362,KN1M2,Y,Perlodidae,Isoperla,Riffle,N,N,,,Animalia,,EcoAnalysts,8436.6-2,389,Larvae,Plecoptera,Arthropoda,1,ABM-RBV,102995,sp.,19215,Ransom Brook ,Pterygota,,,,Hexapoda,,,,,Isoperla sp.,L. Smith,,0,100,1
1,,0,Insecta,N,1,RBV-2024-002,4/12/2024,774,KN1M2,Y,Hydropsychidae,Hydropsyche,Riffle,N,N,,,Animalia,,EcoAnalysts,8436.6-2,546,Larvae,Trichoptera,Arthropoda,1,ABM-RBV,115454,Hydropsyche betteni,19215,Ransom Brook ,Pterygota,Hydropsychinae,,,Hexapoda,,,,,Hydropsyche betteni,L. Smith,,0,100,1
1,,0,Insecta,N,1,RBV-2024-002,4/12/2024,823,KN1M2,Y,Odontoceridae,Psilotreta,Riffle,N,N,,,Animalia,,EcoAnalysts,8436.6-2,633,Larvae,Trichoptera,Arthropoda,1,ABM-RBV,116497,sp.,19215,Ransom Brook ,Pterygota,,,,Hexapoda,,,,,Psilotreta sp.,L. Smith,,0,100,1
1,,0,Insecta,N,1,RBV-2024-002,4/12/2024,830,KN1M2,Y,Philopotamidae,Wormaldia,Riffle,N,N,,,Animalia,,EcoAnalysts,8436.6-2,639,Larvae,Trichoptera,Arthropoda,1,ABM-RBV,115258,sp.,19215,Ransom Brook ,Pterygota,,,,Hexapoda,,,,,Wormaldia sp.,L. Smith,,0,100,1
11,,0,Insecta,N,11,RBV-2024-002,4/12/2024,851,KN1M2,Y,Rhyacophilidae,Rhyacophila,Riffle,N,N,,,Animalia,,EcoAnalysts,8436.6-2,2793,Larvae,Trichoptera,Arthropoda,1,ABM-RBV,115133,Rhyacophila fuscula,19215,Ransom Brook ,Pterygota,,,,Hexapoda,,,,,Rhyacophila fuscula,L. Smith,,0,100,1
1,,0,Clitellata,N,1,RBV-2024-003,4/12/2024,651,KN1M2,Y,,,Riffle,N,N,,,Animalia,,EcoAnalysts,8436.6-3,4,N/A,,Annelida,1,ABM-RBV,68422,,20884,Fraser Brook ,Oligochaeta,,,,,,,,,Oligochaeta,L. Smith,,0,100,1
1,,0,Insecta,N,1,RBV-2024-003,4/12/2024,516,KN1M2,Y,Psephenidae,Psephenus,Riffle,N,N,,,Animalia,,EcoAnalysts,8436.6-3,500,Larvae,Coleoptera,Arthropoda,1,ABM-RBV,114072,Psephenus herricki,20884,Fraser Brook ,Pterygota,,,Polyphaga,Hexapoda,,,,,Psephenus herricki,L. Smith,,0,100,1
6,,0,Insecta,N,6,RBV-2024-003,4/12/2024,551,KN1M2,Y,Chironomidae,,Riffle,N,N,,,Animalia,,EcoAnalysts,8436.6-3,765,Larvae,Diptera,Arthropoda,1,ABM-RBV,127917,,20884,Fraser Brook ,,,,Nematocera,Hexapoda,,,,,Chironomidae,L. Smith,,0,100,1
2,,0,Insecta,N,2,RBV-2024-003,4/12/2024,742,KN1M2,Y,Tipulidae,Tipula,Riffle,N,N,,,Animalia,,EcoAnalysts,8436.6-3,764,Larvae,Diptera,Arthropoda,1,ABM-RBV,119037,sp.,20884,Fraser Brook ,,Tipulinae,,,Hexapoda,,,,,Tipula sp.,L. Smith,,0,100,1
2,,0,Insecta,N,2,RBV-2024-003,4/12/2024,418,KN1M2,Y,Baetidae,Heterocloeon,Riffle,N,N,,,Animalia,,EcoAnalysts,8436.6-3,1344,Larvae,Ephemeroptera,Arthropoda,1,ABM-RBV,100794,sp.,20884,Fraser Brook ,,,,,Hexapoda,,,,,Heterocloeon sp.,L. Smith,,0,100,1
10,,0,Insecta,N,10,RBV-2024-003,4/12/2024,900,KN1M2,Y,Ephemerellidae,Ephemerella,Riffle,N,N,,,Animalia,,EcoAnalysts,8436.6-3,177,Larvae,Ephemeroptera,Arthropoda,1,ABM-RBV,NA,Ephemerella dorothea/excrucians,20884,Fraser Brook ,,,,,Hexapoda,,,,,Ephemerella dorothea/excrucians,L. Smith,,0,100,1
6,,0,Insecta,N,6,RBV-2024-003,4/12/2024,420,KN1M2,Y,Heptageniidae,Epeorus,Riffle,N,N,,,Animalia,,EcoAnalysts,8436.6-3,209,Larvae,Ephemeroptera,Arthropoda,1,ABM-RBV,100626,sp.,20884,Fraser Brook ,,,,,Hexapoda,,,,,Epeorus sp.,L. Smith,,0,100,1
3,,0,Insecta,N,3,RBV-2024-003,4/12/2024,994,KN1M2,Y,Heptageniidae,Maccaffertium,Riffle,N,N,,,Animalia,,EcoAnalysts,8436.6-3,232,Larvae,Ephemeroptera,Arthropoda,1,ABM-RBV,100532,Maccaffertium modestum,20884,Fraser Brook ,,,,,Hexapoda,,,,,Maccaffertium modestum,L. Smith,,0,100,1
5,,0,Insecta,N,5,RBV-2024-003,4/12/2024,750,KN1M2,Y,Corydalidae,Nigronia,Riffle,N,N,,,Animalia,,EcoAnalysts,8436.6-3,3686,Larvae,Megaloptera,Arthropoda,1,ABM-RBV,115031,Nigronia serricornis,20884,Fraser Brook ,Pterygota,Chauliodinae,,,Hexapoda,,,,Neuropterida,Nigronia serricornis,L. Smith,,0,100,1
2,,0,Insecta,N,2,RBV-2024-003,4/12/2024,317,KN1M2,Y,Leuctridae,Leuctra,Riffle,N,N,,,Animalia,,EcoAnalysts,8436.6-3,326,Larvae,Plecoptera,Arthropoda,1,ABM-RBV,102844,sp.,20884,Fraser Brook ,Pterygota,,,,Hexapoda,,,,,Leuctra sp.,L. Smith,,0,100,1
3,,0,Insecta,N,3,RBV-2024-003,4/12/2024,325,KN1M2,Y,Peltoperlidae,Tallaperla,Riffle,N,N,,,Animalia,,EcoAnalysts,8436.6-3,355,Larvae,Plecoptera,Arthropoda,1,ABM-RBV,102500,sp.,20884,Fraser Brook ,Pterygota,,,,Hexapoda,,,,,Tallaperla sp.,L. Smith,,0,100,1
2,,0,Insecta,N,2,RBV-2024-003,4/12/2024,340,KN1M2,Y,Perlidae,Acroneuria,Riffle,N,N,,,Animalia,,EcoAnalysts,8436.6-3,360,Larvae,Plecoptera,Arthropoda,1,ABM-RBV,102919,Acroneuria abnormis,20884,Fraser Brook ,Pterygota,,,,Hexapoda,,,,,Acroneuria abnormis,L. Smith,,0,100,1
1,,0,Insecta,N,1,RBV-2024-003,4/12/2024,354,KN1M2,Y,Perlidae,Eccoptura,Riffle,N,N,,,Animalia,,EcoAnalysts,8436.6-3,1354,Larvae,Plecoptera,Arthropoda,1,ABM-RBV,102940,Eccoptura xanthenes,20884,Fraser Brook ,Pterygota,,,,Hexapoda,,,,,Eccoptura xanthenes,L. Smith,,0,100,1
1,,0,Insecta,N,1,RBV-2024-003,4/12/2024,771,KN1M2,Y,Hydropsychidae,Diplectrona,Riffle,N,N,,,Animalia,,EcoAnalysts,8436.6-3,545,Larvae,Trichoptera,Arthropoda,1,ABM-RBV,115399,sp.,20884,Fraser Brook ,Pterygota,Diplectroninae,,,Hexapoda,,,,,Diplectrona sp.,L. Smith,,0,100,1
4,,0,Insecta,N,4,RBV-2024-003,4/12/2024,851,KN1M2,Y,Rhyacophilidae,Rhyacophila,Riffle,N,N,,,Animalia,,EcoAnalysts,8436.6-3,2793,Larvae,Trichoptera,Arthropoda,1,ABM-RBV,115133,Rhyacophila fuscula,20884,Fraser Brook ,Pterygota,,,,Hexapoda,,,,,Rhyacophila fuscula,L. Smith,,0,100,1
1,,0,Clitellata,N,1,RBV-2024-004,4/12/2024,651,KN1M2,Y,,,Riffle,N,N,,,Animalia,,EcoAnalysts,8436.6-4,4,N/A,,Annelida,1,ABM-RBV,68422,,16123,Muddy Brook ,Oligochaeta,,,,,,,,,Oligochaeta,L. Smith,,0,100,1
1,,0,Insecta,N,1,RBV-2024-004,4/12/2024,551,KN1M2,Y,Chironomidae,,Riffle,N,N,,,Animalia,,EcoAnalysts,8436.6-4,765,Larvae,Diptera,Arthropoda,1,ABM-RBV,127917,,16123,Muddy Brook ,,,,Nematocera,Hexapoda,,,,,Chironomidae,L. Smith,,0,100,1
1,,0,Insecta,N,1,RBV-2024-004,4/12/2024,694,KN1M2,Y,Tipulidae,Hexatoma,Riffle,N,N,,,Animalia,,EcoAnalysts,8436.6-4,755,Larvae,Diptera,Arthropoda,1,ABM-RBV,120094,sp.,16123,Muddy Brook ,,Limoniinae,,,Hexapoda,,,,,Hexatoma sp.,L. Smith,Hexatomini,0,100,1
1,,0,Insecta,N,1,RBV-2024-004,4/12/2024,742,KN1M2,Y,Tipulidae,Tipula,Riffle,N,N,,,Animalia,,EcoAnalysts,8436.6-4,764,Larvae,Diptera,Arthropoda,1,ABM-RBV,119037,sp.,16123,Muddy Brook ,,Tipulinae,,,Hexapoda,,,,,Tipula sp.,L. Smith,,0,100,1
1,,0,Insecta,N,1,RBV-2024-004,4/12/2024,901,KN1M2,Y,Ephemerellidae,Ephemerella,Riffle,N,N,,,Animalia,,EcoAnalysts,8436.6-4,179,Larvae,Ephemeroptera,Arthropoda,1,ABM-RBV,101282,Ephemerella invaria,16123,Muddy Brook ,,,,,Hexapoda,,,,,Ephemerella invaria,L. Smith,,0,100,1
1,,0,Insecta,N,1,RBV-2024-004,4/12/2024,420,KN1M2,Y,Heptageniidae,Epeorus,Riffle,N,N,,,Animalia,,EcoAnalysts,8436.6-4,209,Larvae,Ephemeroptera,Arthropoda,1,ABM-RBV,100626,sp.,16123,Muddy Brook ,,,,,Hexapoda,,,,,Epeorus sp.,L. Smith,,0,100,1
1,,0,Insecta,N,1,RBV-2024-004,4/12/2024,750,KN1M2,Y,Corydalidae,Nigronia,Riffle,N,N,,,Animalia,,EcoAnalysts,8436.6-4,3686,Larvae,Megaloptera,Arthropoda,1,ABM-RBV,115031,Nigronia serricornis,16123,Muddy Brook ,Pterygota,Chauliodinae,,,Hexapoda,,,,Neuropterida,Nigronia serricornis,L. Smith,,0,100,1
2,,0,Insecta,N,2,RBV-2024-004,4/12/2024,337,KN1M2,Y,Chloroperlidae,Sweltsa,Riffle,N,N,,,Animalia,,EcoAnalysts,8436.6-4,321,Larvae,Plecoptera,Arthropoda,1,ABM-RBV,103273,sp.,16123,Muddy Brook ,Pterygota,,,,Hexapoda,,,,,Sweltsa sp.,L. Smith,,0,100,1
2,,0,Insecta,N,2,RBV-2024-004,4/12/2024,325,KN1M2,Y,Peltoperlidae,Tallaperla,Riffle,N,N,,,Animalia,,EcoAnalysts,8436.6-4,355,Larvae,Plecoptera,Arthropoda,1,ABM-RBV,102500,sp.,16123,Muddy Brook ,Pterygota,,,,Hexapoda,,,,,Tallaperla sp.,L. Smith,,0,100,1
2,,0,Insecta,N,2,RBV-2024-004,4/12/2024,340,KN1M2,Y,Perlidae,Acroneuria,Riffle,N,N,,,Animalia,,EcoAnalysts,8436.6-4,360,Larvae,Plecoptera,Arthropoda,1,ABM-RBV,102919,Acroneuria abnormis,16123,Muddy Brook ,Pterygota,,,,Hexapoda,,,,,Acroneuria abnormis,L. Smith,,0,100,1
1,,0,Insecta,N,1,RBV-2024-004,4/12/2024,771,KN1M2,Y,Hydropsychidae,Diplectrona,Riffle,N,N,,,Animalia,,EcoAnalysts,8436.6-4,545,Larvae,Trichoptera,Arthropoda,1,ABM-RBV,115399,sp.,16123,Muddy Brook ,Pterygota,Diplectroninae,,,Hexapoda,,,,,Diplectrona sp.,L. Smith,,0,100,1
1,,0,Insecta,N,1,RBV-2024-004,4/12/2024,815,KN1M2,Y,Limnephilidae,Pycnopsyche,Riffle,N,N,,,Animalia,,EcoAnalysts,8436.6-4,629,Larvae,Trichoptera,Arthropoda,1,ABM-RBV,116409,sp.,16123,Muddy Brook ,Pterygota,,,,Hexapoda,,,,,Pycnopsyche sp.,L. Smith,,0,100,1
1,,0,Insecta,N,1,RBV-2024-004,4/12/2024,813,KN1M2,Y,Uenoidae,Neophylax,Riffle,N,N,,,Animalia,,EcoAnalysts,8436.6-4,687,Larvae,Trichoptera,Arthropoda,1,ABM-RBV,116046,sp.,16123,Muddy Brook ,Pterygota,,,,Hexapoda,,,,,Neophylax sp.,L. Smith,,0,100,1
1,,0,Clitellata,N,1,RBV-2024-005,4/26/2024,651,KN1M2,Y,,,Riffle,N,N,,,Animalia,,EcoAnalysts,8436.6-5,4,N/A,,Annelida,1,ABM-RBV,68422,,20975,Harris Brook ,Oligochaeta,,,,,,,,,Oligochaeta,L. Smith,,0,100,1
5,,0,Insecta,N,5,RBV-2024-005,4/26/2024,551,KN1M2,Y,Chironomidae,,Riffle,N,N,,,Animalia,,EcoAnalysts,8436.6-5,765,Larvae,Diptera,Arthropoda,1,ABM-RBV,127917,,20975,Harris Brook ,,,,Nematocera,Hexapoda,,,,,Chironomidae,L. Smith,,0,100,1
1,,0,Insecta,N,1,RBV-2024-005,4/26/2024,551,KN1M2,Y,Chironomidae,,Riffle,N,N,,,Animalia,,EcoAnalysts,8436.6-5,765,Pupae,Diptera,Arthropoda,1,ABM-RBV,127917,,20975,Harris Brook ,,,,Nematocera,Hexapoda,,,,,Chironomidae,L. Smith,,0,100,1
1,,0,Insecta,N,1,RBV-2024-005,4/26/2024,685,KN1M2,Y,Simuliidae,Simulium,Riffle,N,N,,,Animalia,,EcoAnalysts,8436.6-5,738,Larvae,Diptera,Arthropoda,1,ABM-RBV,126774,sp.,20975,Harris Brook ,,,,Nematocera,Hexapoda,,,,,Simulium sp.,L. Smith,,0,100,1
2,,0,Insecta,N,2,RBV-2024-005,4/26/2024,414,KN1M2,Y,Baetidae,Baetis,Riffle,N,N,,,Animalia,,EcoAnalysts,8436.6-5,144,Larvae,Ephemeroptera,Arthropoda,1,ABM-RBV,100817,Baetis tricaudatus,20975,Harris Brook ,,,,,Hexapoda,,,,,Baetis tricaudatus,L. Smith,,0,100,1
4,,0,Insecta,N,4,RBV-2024-005,4/26/2024,936,KN1M2,Y,Ephemerellidae,Drunella,Riffle,N,N,,,Animalia,,EcoAnalysts,8436.6-5,164,Larvae,Ephemeroptera,Arthropoda,1,ABM-RBV,609595,Drunella cornuta,20975,Harris Brook ,,,,,Hexapoda,,,,,Drunella cornuta,L. Smith,,0,100,1
7,,0,Insecta,N,7,RBV-2024-005,4/26/2024,901,KN1M2,Y,Ephemerellidae,Ephemerella,Riffle,N,N,,,Animalia,,EcoAnalysts,8436.6-5,179,Larvae,Ephemeroptera,Arthropoda,1,ABM-RBV,101282,Ephemerella invaria,20975,Harris Brook ,,,,,Hexapoda,,,,,Ephemerella invaria,L. Smith,,0,100,1
1,,0,Insecta,N,1,RBV-2024-005,4/26/2024,429,KN1M2,Y,Isonychiidae,Isonychia,Riffle,N,N,,,Animalia,,EcoAnalysts,8436.6-5,251,Larvae,Ephemeroptera,Arthropoda,1,ABM-RBV,101041,sp.,20975,Harris Brook ,,,,,Hexapoda,,,,,Isonychia sp.,L. Smith,,0,100,1
1,,0,Insecta,N,1,RBV-2024-005,4/26/2024,749,KN1M2,Y,Corydalidae,Corydalus,Riffle,N,N,,,Animalia,,EcoAnalysts,8436.6-5,507,Larvae,Megaloptera,Arthropoda,1,ABM-RBV,115034,Corydalus cornutus,20975,Harris Brook ,Pterygota,Corydalinae,,,Hexapoda,,,,Neuropterida,Corydalus cornutus,L. Smith,,0,100,1
1,,0,Insecta,N,1,RBV-2024-005,4/26/2024,750,KN1M2,Y,Corydalidae,Nigronia,Riffle,N,N,,,Animalia,,EcoAnalysts,8436.6-5,3686,Larvae,Megaloptera,Arthropoda,1,ABM-RBV,115031,Nigronia serricornis,20975,Harris Brook ,Pterygota,Chauliodinae,,,Hexapoda,,,,Neuropterida,Nigronia serricornis,L. Smith,,0,100,1
3,,0,Insecta,N,3,RBV-2024-005,4/26/2024,340,KN1M2,Y,Perlidae,Acroneuria,Riffle,N,N,,,Animalia,,EcoAnalysts,8436.6-5,360,Larvae,Plecoptera,Arthropoda,1,ABM-RBV,102919,Acroneuria abnormis,20975,Harris Brook ,Pterygota,,,,Hexapoda,,,,,Acroneuria abnormis,L. Smith,,0,100,1
1,,0,Insecta,N,1,RBV-2024-005,4/26/2024,774,KN1M2,Y,Hydropsychidae,Hydropsyche,Riffle,N,N,,,Animalia,,EcoAnalysts,8436.6-5,546,Larvae,Trichoptera,Arthropoda,1,ABM-RBV,115454,Hydropsyche betteni,20975,Harris Brook ,Pterygota,Hydropsychinae,,,Hexapoda,,,,,Hydropsyche betteni,L. Smith,,0,100,1
1,,0,Insecta,N,1,RBV-2024-005,4/26/2024,829,KN1M2,Y,Philopotamidae,Dolophilodes,Riffle,N,N,,,Animalia,,EcoAnalysts,8436.6-5,638,Larvae,Trichoptera,Arthropoda,1,ABM-RBV,115319,sp.,20975,Harris Brook ,Pterygota,,,,Hexapoda,,,,,Dolophilodes sp.,L. Smith,,0,100,1
1,,0,Insecta,N,1,RBV-2024-005,4/26/2024,830,KN1M2,Y,Philopotamidae,Wormaldia,Riffle,N,N,,,Animalia,,EcoAnalysts,8436.6-5,639,Larvae,Trichoptera,Arthropoda,1,ABM-RBV,115258,sp.,20975,Harris Brook ,Pterygota,,,,Hexapoda,,,,,Wormaldia sp.,L. Smith,,0,100,1
1,,0,Insecta,N,1,RBV-2024-005,4/26/2024,851,KN1M2,Y,Rhyacophilidae,Rhyacophila,Riffle,N,N,,,Animalia,,EcoAnalysts,8436.6-5,2793,Larvae,Trichoptera,Arthropoda,1,ABM-RBV,115133,Rhyacophila fuscula,20975,Harris Brook ,Pterygota,,,,Hexapoda,,,,,Rhyacophila fuscula,L. Smith,,0,100,1
3,,0,Clitellata,N,3,RBV-2024-006,4/26/2024,651,KN1M2,Y,,,Riffle,N,N,,,Animalia,,EcoAnalysts,8436.6-6,4,N/A,,Annelida,1,ABM-RBV,68422,,18818,Hedge Brook ,Oligochaeta,,,,,,,,,Oligochaeta,L. Smith,,0,100,1
1,,0,Insecta,N,1,RBV-2024-006,4/26/2024,914,KN1M2,Y,Elmidae,Optioservus,Riffle,N,N,,,Animalia,,EcoAnalysts,8436.6-6,461,Adults,Coleoptera,Arthropoda,1,ABM-RBV,114185,Optioservus ovalis,18818,Hedge Brook ,Pterygota,,,Polyphaga,Hexapoda,,,,,Optioservus ovalis,L. Smith,,0,100,1
1,,0,Insecta,N,1,RBV-2024-006,4/26/2024,516,KN1M2,Y,Psephenidae,Psephenus,Riffle,N,N,,,Animalia,,EcoAnalysts,8436.6-6,500,Larvae,Coleoptera,Arthropoda,1,ABM-RBV,114072,Psephenus herricki,18818,Hedge Brook ,Pterygota,,,Polyphaga,Hexapoda,,,,,Psephenus herricki,L. Smith,,0,100,1
3,,0,Insecta,N,3,RBV-2024-006,4/26/2024,551,KN1M2,Y,Chironomidae,,Riffle,N,N,,,Animalia,,EcoAnalysts,8436.6-6,765,Larvae,Diptera,Arthropoda,1,ABM-RBV,127917,,18818,Hedge Brook ,,,,Nematocera,Hexapoda,,,,,Chironomidae,L. Smith,,0,100,1
1,,0,Insecta,N,1,RBV-2024-006,4/26/2024,685,KN1M2,Y,Simuliidae,Simulium,Riffle,N,N,,,Animalia,,EcoAnalysts,8436.6-6,738,Larvae,Diptera,Arthropoda,1,ABM-RBV,126774,sp.,18818,Hedge Brook ,,,,Nematocera,Hexapoda,,,,,Simulium sp.,L. Smith,,0,100,1
1,,0,Insecta,N,1,RBV-2024-006,4/26/2024,540,KN1M2,Y,Tabanidae,Atylotus/Tabanus,Riffle,N,N,,,Animalia,,EcoAnalysts,8436.6-6,3291,Larvae,Diptera,Arthropoda,1,ABM-RBV,131476,sp.,18818,Hedge Brook ,,,,Brachycera,Hexapoda,,,,,Atylotus/Tabanus sp.,L. Smith,,0,100,1
3,,0,Insecta,N,3,RBV-2024-006,4/26/2024,742,KN1M2,Y,Tipulidae,Tipula,Riffle,N,N,,,Animalia,,EcoAnalysts,8436.6-6,764,Larvae,Diptera,Arthropoda,1,ABM-RBV,119037,sp.,18818,Hedge Brook ,,Tipulinae,,,Hexapoda,,,,,Tipula sp.,L. Smith,,0,100,1
2,,0,Insecta,N,2,RBV-2024-006,4/26/2024,174,KN1M2,Y,Ameletidae,Ameletus,Riffle,N,N,,,Animalia,,EcoAnalysts,8436.6-6,261,Larvae,Ephemeroptera,Arthropoda,1,ABM-RBV,100996,sp.,18818,Hedge Brook ,,,,,Hexapoda,,,,,Ameletus sp.,L. Smith,,0,100,1
2,,0,Insecta,N,2,RBV-2024-006,4/26/2024,901,KN1M2,Y,Ephemerellidae,Ephemerella,Riffle,N,N,,,Animalia,,EcoAnalysts,8436.6-6,179,Larvae,Ephemeroptera,Arthropoda,1,ABM-RBV,101282,Ephemerella invaria,18818,Hedge Brook ,,,,,Hexapoda,,,,,Ephemerella invaria,L. Smith,,0,100,1
10,,0,Insecta,N,10,RBV-2024-006,4/26/2024,420,KN1M2,Y,Heptageniidae,Epeorus,Riffle,N,N,,,Animalia,,EcoAnalysts,8436.6-6,209,Larvae,Ephemeroptera,Arthropoda,1,ABM-RBV,100626,sp.,18818,Hedge Brook ,,,,,Hexapoda,,,,,Epeorus sp.,L. Smith,,0,100,1
4,,0,Insecta,N,4,RBV-2024-006,4/26/2024,994,KN1M2,Y,Heptageniidae,Maccaffertium,Riffle,N,N,,,Animalia,,EcoAnalysts,8436.6-6,232,Larvae,Ephemeroptera,Arthropoda,1,ABM-RBV,100532,Maccaffertium modestum,18818,Hedge Brook ,,,,,Hexapoda,,,,,Maccaffertium modestum,L. Smith,,0,100,1
1,,0,Insecta,N,1,RBV-2024-006,4/26/2024,750,KN1M2,Y,Corydalidae,Nigronia,Riffle,N,N,,,Animalia,,EcoAnalysts,8436.6-6,3686,Larvae,Megaloptera,Arthropoda,1,ABM-RBV,115031,Nigronia serricornis,18818,Hedge Brook ,Pterygota,Chauliodinae,,,Hexapoda,,,,Neuropterida,Nigronia serricornis,L. Smith,,0,100,1
4,,0,Insecta,N,4,RBV-2024-006,4/26/2024,337,KN1M2,Y,Chloroperlidae,Sweltsa,Riffle,N,N,,,Animalia,,EcoAnalysts,8436.6-6,321,Larvae,Plecoptera,Arthropoda,1,ABM-RBV,103273,sp.,18818,Hedge Brook ,Pterygota,,,,Hexapoda,,,,,Sweltsa sp.,L. Smith,,0,100,1
3,,0,Insecta,N,3,RBV-2024-006,4/26/2024,(Not on List),KN1M2,Y,Peltoperlidae,Peltoperla,Riffle,N,N,,,Animalia,,EcoAnalysts,8436.6-6,1221,Larvae,Plecoptera,Arthropoda,1,ABM-RBV,102489,sp.,18818,Hedge Brook ,Pterygota,,,,Hexapoda,,,,,Peltoperla sp.,L. Smith,,0,100,1
2,,0,Insecta,N,2,RBV-2024-006,4/26/2024,354,KN1M2,Y,Perlidae,Eccoptura,Riffle,N,N,,,Animalia,,EcoAnalysts,8436.6-6,1354,Larvae,Plecoptera,Arthropoda,1,ABM-RBV,102940,Eccoptura xanthenes,18818,Hedge Brook ,Pterygota,,,,Hexapoda,,,,,Eccoptura xanthenes,L. Smith,,0,100,1
1,,0,Insecta,N,1,RBV-2024-006,4/26/2024,360,KN1M2,Y,Perlodidae,,Riffle,Y,N,,,Animalia,,EcoAnalysts,8436.6-6,380,Larvae,Plecoptera,Arthropoda,1,ABM-RBV,102994,,18818,Hedge Brook ,Pterygota,,,,Hexapoda,,,,,Perlodidae,L. Smith,,0,100,1
1,,0,Insecta,N,1,RBV-2024-006,4/26/2024,362,KN1M2,Y,Perlodidae,Isoperla,Riffle,N,N,,,Animalia,,EcoAnalysts,8436.6-6,389,Larvae,Plecoptera,Arthropoda,1,ABM-RBV,102995,sp.,18818,Hedge Brook ,Pterygota,,,,Hexapoda,,,,,Isoperla sp.,L. Smith,,0,100,1
1,,0,Insecta,N,1,RBV-2024-006,4/26/2024,771,KN1M2,Y,Hydropsychidae,Diplectrona,Riffle,N,N,,,Animalia,,EcoAnalysts,8436.6-6,545,Larvae,Trichoptera,Arthropoda,1,ABM-RBV,115399,sp.,18818,Hedge Brook ,Pterygota,Diplectroninae,,,Hexapoda,,,,,Diplectrona sp.,L. Smith,,0,100,1
4,,0,Insecta,N,4,RBV-2024-006,4/26/2024,796,KN1M2,Y,Lepidostomatidae,,Riffle,N,N,,,Animalia,,EcoAnalysts,8436.6-6,583,Pupae,Trichoptera,Arthropoda,1,ABM-RBV,116793,,18818,Hedge Brook ,Pterygota,,,,Hexapoda,,,,,Lepidostomatidae,L. Smith,,0,100,1
1,,0,Insecta,N,1,RBV-2024-006,4/26/2024,826,KN1M2,Y,Philopotamidae,Chimarra,Riffle,N,N,,,Animalia,,EcoAnalysts,8436.6-6,635,Larvae,Trichoptera,Arthropoda,1,ABM-RBV,115278,Chimarra aterrima,18818,Hedge Brook ,Pterygota,,,,Hexapoda,,,,,Chimarra aterrima,L. Smith,,0,100,1
1,,0,Insecta,N,1,RBV-2024-006,4/26/2024,829,KN1M2,Y,Philopotamidae,Dolophilodes,Riffle,N,N,,,Animalia,,EcoAnalysts,8436.6-6,638,Larvae,Trichoptera,Arthropoda,1,ABM-RBV,115319,sp.,18818,Hedge Brook ,Pterygota,,,,Hexapoda,,,,,Dolophilodes sp.,L. Smith,,0,100,1
2,,0,Insecta,N,2,RBV-2024-006,4/26/2024,851,KN1M2,Y,Rhyacophilidae,Rhyacophila,Riffle,N,N,,,Animalia,,EcoAnalysts,8436.6-6,2793,Larvae,Trichoptera,Arthropoda,1,ABM-RBV,115133,Rhyacophila fuscula,18818,Hedge Brook ,Pterygota,,,,Hexapoda,,,,,Rhyacophila fuscula,L. Smith,,0,100,1
2,,0,Clitellata,N,2,RBV-2024-007,4/26/2024,651,KN1M2,Y,,,Riffle,N,N,,,Animalia,,EcoAnalysts,8436.6-7,4,N/A,,Annelida,1,ABM-RBV,68422,,19214,Harris Brook ,Oligochaeta,,,,,,,,,Oligochaeta,L. Smith,,0,100,1
1,,0,Insecta,N,1,RBV-2024-007,4/26/2024,551,KN1M2,Y,Chironomidae,,Riffle,N,N,,,Animalia,,EcoAnalysts,8436.6-7,765,Larvae,Diptera,Arthropoda,1,ABM-RBV,127917,,19214,Harris Brook ,,,,Nematocera,Hexapoda,,,,,Chironomidae,L. Smith,,0,100,1
1,,0,Insecta,N,1,RBV-2024-007,4/26/2024,698,KN1M2,Y,Tipulidae,Antocha,Riffle,N,N,,,Animalia,,EcoAnalysts,8436.6-7,750,Larvae,Diptera,Arthropoda,1,ABM-RBV,119656,sp.,19214,Harris Brook ,,Limoniinae,,,Hexapoda,,,,,Antocha sp.,L. Smith,Limoniini,0,100,1
1,,0,Insecta,N,1,RBV-2024-007,4/26/2024,409,KN1M2,Y,Baetidae,Acentrella,Riffle,N,N,,,Animalia,,EcoAnalysts,8436.6-7,133,Larvae,Ephemeroptera,Arthropoda,1,ABM-RBV,100801,sp.,19214,Harris Brook ,,,,,Hexapoda,,,,,Acentrella sp.,L. Smith,,0,100,1
3,,0,Insecta,N,3,RBV-2024-007,4/26/2024,900,KN1M2,Y,Ephemerellidae,Ephemerella,Riffle,N,N,,,Animalia,,EcoAnalysts,8436.6-7,177,Larvae,Ephemeroptera,Arthropoda,1,ABM-RBV,NA,Ephemerella dorothea/excrucians,19214,Harris Brook ,,,,,Hexapoda,,,,,Ephemerella dorothea/excrucians,L. Smith,,0,100,1
3,,0,Insecta,N,3,RBV-2024-007,4/26/2024,901,KN1M2,Y,Ephemerellidae,Ephemerella,Riffle,N,N,,,Animalia,,EcoAnalysts,8436.6-7,179,Larvae,Ephemeroptera,Arthropoda,1,ABM-RBV,101282,Ephemerella invaria,19214,Harris Brook ,,,,,Hexapoda,,,,,Ephemerella invaria,L. Smith,,0,100,1
2,,0,Insecta,N,2,RBV-2024-007,4/26/2024,420,KN1M2,Y,Heptageniidae,Epeorus,Riffle,N,N,,,Animalia,,EcoAnalysts,8436.6-7,209,Larvae,Ephemeroptera,Arthropoda,1,ABM-RBV,100626,sp.,19214,Harris Brook ,,,,,Hexapoda,,,,,Epeorus sp.,L. Smith,,0,100,1
1,,0,Insecta,N,1,RBV-2024-007,4/26/2024,994,KN1M2,Y,Heptageniidae,Maccaffertium,Riffle,N,N,,,Animalia,,EcoAnalysts,8436.6-7,232,Larvae,Ephemeroptera,Arthropoda,1,ABM-RBV,100532,Maccaffertium modestum,19214,Harris Brook ,,,,,Hexapoda,,,,,Maccaffertium modestum,L. Smith,,0,100,1
4,,0,Insecta,N,4,RBV-2024-007,4/26/2024,429,KN1M2,Y,Isonychiidae,Isonychia,Riffle,N,N,,,Animalia,,EcoAnalysts,8436.6-7,251,Larvae,Ephemeroptera,Arthropoda,1,ABM-RBV,101041,sp.,19214,Harris Brook ,,,,,Hexapoda,,,,,Isonychia sp.,L. Smith,,0,100,1
4,,0,Insecta,N,4,RBV-2024-007,4/26/2024,750,KN1M2,Y,Corydalidae,Nigronia,Riffle,N,N,,,Animalia,,EcoAnalysts,8436.6-7,3686,Larvae,Megaloptera,Arthropoda,1,ABM-RBV,115031,Nigronia serricornis,19214,Harris Brook ,Pterygota,Chauliodinae,,,Hexapoda,,,,Neuropterida,Nigronia serricornis,L. Smith,,0,100,1
1,,0,Insecta,N,1,RBV-2024-007,4/26/2024,883,KN1M2,Y,Aeshnidae,Boyeria,Riffle,N,N,,,Animalia,,EcoAnalysts,8436.6-7,2797,Larvae,Odonata,Arthropoda,1,ABM-RBV,101647,Boyeria vinosa,19214,Harris Brook ,,,,Anisoptera,Hexapoda,,,,,Boyeria vinosa,L. Smith,,0,100,1
7,,0,Insecta,N,7,RBV-2024-007,4/26/2024,340,KN1M2,Y,Perlidae,Acroneuria,Riffle,N,N,,,Animalia,,EcoAnalysts,8436.6-7,360,Larvae,Plecoptera,Arthropoda,1,ABM-RBV,102919,Acroneuria abnormis,19214,Harris Brook ,Pterygota,,,,Hexapoda,,,,,Acroneuria abnormis,L. Smith,,0,100,1
1,,0,Insecta,N,1,RBV-2024-007,4/26/2024,774,KN1M2,Y,Hydropsychidae,Hydropsyche,Riffle,N,N,,,Animalia,,EcoAnalysts,8436.6-7,546,Larvae,Trichoptera,Arthropoda,1,ABM-RBV,115454,Hydropsyche betteni,19214,Harris Brook ,Pterygota,Hydropsychinae,,,Hexapoda,,,,,Hydropsyche betteni,L. Smith,,0,100,1
2,,0,Insecta,N,2,RBV-2024-007,4/26/2024,826,KN1M2,Y,Philopotamidae,Chimarra,Riffle,N,N,,,Animalia,,EcoAnalysts,8436.6-7,635,Larvae,Trichoptera,Arthropoda,1,ABM-RBV,115278,Chimarra aterrima,19214,Harris Brook ,Pterygota,,,,Hexapoda,,,,,Chimarra aterrima,L. Smith,,0,100,1
4,,0,Insecta,N,4,RBV-2024-007,4/26/2024,851,KN1M2,Y,Rhyacophilidae,Rhyacophila,Riffle,N,N,,,Animalia,,EcoAnalysts,8436.6-7,2793,Larvae,Trichoptera,Arthropoda,1,ABM-RBV,115133,Rhyacophila fuscula,19214,Harris Brook ,Pterygota,,,,Hexapoda,,,,,Rhyacophila fuscula,L. Smith,,0,100,1
1,,0,Clitellata,N,1,RBV-2024-008,4/26/2024,651,KN1M2,Y,,,Riffle,N,N,,,Animalia,,EcoAnalysts,8436.6-8,4,N/A,,Annelida,1,ABM-RBV,68422,,20492,Burnham Brook ,Oligochaeta,,,,,,,,,Oligochaeta,L. Smith,,0,100,1
1,,0,Insecta,N,1,RBV-2024-008,4/26/2024,514,KN1M2,Y,Psephenidae,Ectopria,Riffle,N,N,,,Animalia,,EcoAnalysts,8436.6-8,498,Larvae,Coleoptera,Arthropoda,1,ABM-RBV,114087,sp.,20492,Burnham Brook ,Pterygota,,,Polyphaga,Hexapoda,,,,,Ectopria sp.,L. Smith,,0,100,1
1,,0,Insecta,N,1,RBV-2024-008,4/26/2024,863,KN1M2,Y,Ptilodactylidae,Anchytarsus,Riffle,N,N,,,Animalia,,EcoAnalysts,8436.6-8,2696,Larvae,Coleoptera,Arthropoda,1,ABM-RBV,114668,Anchytarsus bicolor,20492,Burnham Brook ,Pterygota,,,Polyphaga,Hexapoda,,,,,Anchytarsus bicolor,L. Smith,,0,100,1
2,,0,Insecta,N,2,RBV-2024-008,4/26/2024,551,KN1M2,Y,Chironomidae,,Riffle,N,N,,,Animalia,,EcoAnalysts,8436.6-8,765,Larvae,Diptera,Arthropoda,1,ABM-RBV,127917,,20492,Burnham Brook ,,,,Nematocera,Hexapoda,,,,,Chironomidae,L. Smith,,0,100,1
3,,0,Insecta,N,3,RBV-2024-008,4/26/2024,742,KN1M2,Y,Tipulidae,Tipula,Riffle,N,N,,,Animalia,,EcoAnalysts,8436.6-8,764,Larvae,Diptera,Arthropoda,1,ABM-RBV,119037,sp.,20492,Burnham Brook ,,Tipulinae,,,Hexapoda,,,,,Tipula sp.,L. Smith,,0,100,1
13,,0,Insecta,N,13,RBV-2024-008,4/26/2024,900,KN1M2,Y,Ephemerellidae,Ephemerella,Riffle,N,N,,,Animalia,,EcoAnalysts,8436.6-8,177,Larvae,Ephemeroptera,Arthropoda,1,ABM-RBV,NA,Ephemerella dorothea/excrucians,20492,Burnham Brook ,,,,,Hexapoda,,,,,Ephemerella dorothea/excrucians,L. Smith,,0,100,1
1,,0,Insecta,N,1,RBV-2024-008,4/26/2024,994,KN1M2,Y,Heptageniidae,Maccaffertium,Riffle,N,N,,,Animalia,,EcoAnalysts,8436.6-8,232,Larvae,Ephemeroptera,Arthropoda,1,ABM-RBV,100532,Maccaffertium modestum,20492,Burnham Brook ,,,,,Hexapoda,,,,,Maccaffertium modestum,L. Smith,,0,100,1
1,,0,Insecta,N,1,RBV-2024-008,4/26/2024,750,KN1M2,Y,Corydalidae,Nigronia,Riffle,N,N,,,Animalia,,EcoAnalysts,8436.6-8,3686,Larvae,Megaloptera,Arthropoda,1,ABM-RBV,115031,Nigronia serricornis,20492,Burnham Brook ,Pterygota,Chauliodinae,,,Hexapoda,,,,Neuropterida,Nigronia serricornis,L. Smith,,0,100,1
1,,0,Insecta,N,1,RBV-2024-008,4/26/2024,317,KN1M2,Y,Leuctridae,Leuctra,Riffle,N,N,,,Animalia,,EcoAnalysts,8436.6-8,326,Larvae,Plecoptera,Arthropoda,1,ABM-RBV,102844,sp.,20492,Burnham Brook ,Pterygota,,,,Hexapoda,,,,,Leuctra sp.,L. Smith,,0,100,1
3,,0,Insecta,N,3,RBV-2024-008,4/26/2024,325,KN1M2,Y,Peltoperlidae,Tallaperla,Riffle,N,N,,,Animalia,,EcoAnalysts,8436.6-8,355,Larvae,Plecoptera,Arthropoda,1,ABM-RBV,102500,sp.,20492,Burnham Brook ,Pterygota,,,,Hexapoda,,,,,Tallaperla sp.,L. Smith,,0,100,1
2,,0,Insecta,N,2,RBV-2024-008,4/26/2024,340,KN1M2,Y,Perlidae,Acroneuria,Riffle,N,N,,,Animalia,,EcoAnalysts,8436.6-8,360,Larvae,Plecoptera,Arthropoda,1,ABM-RBV,102919,Acroneuria abnormis,20492,Burnham Brook ,Pterygota,,,,Hexapoda,,,,,Acroneuria abnormis,L. Smith,,0,100,1
1,,0,Insecta,N,1,RBV-2024-008,4/26/2024,360,KN1M2,Y,Perlodidae,,Riffle,N,Y,,,Animalia,,EcoAnalysts,8436.6-8,380,Larvae,Plecoptera,Arthropoda,1,ABM-RBV,102994,,20492,Burnham Brook ,Pterygota,,,,Hexapoda,,,,,Perlodidae,L. Smith,,0,100,1
3,,0,Insecta,N,3,RBV-2024-008,4/26/2024,362,KN1M2,Y,Perlodidae,Isoperla,Riffle,N,N,,,Animalia,,EcoAnalysts,8436.6-8,389,Larvae,Plecoptera,Arthropoda,1,ABM-RBV,102995,sp.,20492,Burnham Brook ,Pterygota,,,,Hexapoda,,,,,Isoperla sp.,L. Smith,,0,100,1
1,,0,Insecta,N,1,RBV-2024-008,4/26/2024,771,KN1M2,Y,Hydropsychidae,Diplectrona,Riffle,N,N,,,Animalia,,EcoAnalysts,8436.6-8,545,Larvae,Trichoptera,Arthropoda,1,ABM-RBV,115399,sp.,20492,Burnham Brook ,Pterygota,Diplectroninae,,,Hexapoda,,,,,Diplectrona sp.,L. Smith,,0,100,1
1,,0,Insecta,N,1,RBV-2024-008,4/26/2024,815,KN1M2,Y,Limnephilidae,Pycnopsyche,Riffle,N,N,,,Animalia,,EcoAnalysts,8436.6-8,629,Larvae,Trichoptera,Arthropoda,1,ABM-RBV,116409,sp.,20492,Burnham Brook ,Pterygota,,,,Hexapoda,,,,,Pycnopsyche sp.,L. Smith,,0,100,1
1,,0,Insecta,N,1,RBV-2024-008,4/26/2024,830,KN1M2,Y,Philopotamidae,Wormaldia,Riffle,N,N,,,Animalia,,EcoAnalysts,8436.6-8,639,Larvae,Trichoptera,Arthropoda,1,ABM-RBV,115258,sp.,20492,Burnham Brook ,Pterygota,,,,Hexapoda,,,,,Wormaldia sp.,L. Smith,,0,100,1
1,,0,Arachnida,N,1,RBV-2024-019,9/7/2024,(Not on List),KN1M2,Y,Limnocharidae,,Riffle,N,Y,,,Animalia,,EcoAnalysts,8436.6-19,3159,N/A,Trombidiformes,Arthropoda,1,ABM-RBV,83145,,16123,Muddy Brook,Acari,,,,Chelicerata,,,,Acariformes,Limnocharidae,L. Smith,,0,100,1
3,,0,Insecta,N,3,RBV-2024-019,9/7/2024,516,KN1M2,Y,Psephenidae,Psephenus,Riffle,N,N,,,Animalia,,EcoAnalysts,8436.6-19,500,Larvae,Coleoptera,Arthropoda,1,ABM-RBV,114072,Psephenus herricki,16123,Muddy Brook,Pterygota,,,Polyphaga,Hexapoda,,,,,Psephenus herricki,L. Smith,,0,100,1
1,,0,Insecta,N,1,RBV-2024-019,9/7/2024,694,KN1M2,Y,Tipulidae,Hexatoma,Riffle,N,N,,,Animalia,,EcoAnalysts,8436.6-19,755,Larvae,Diptera,Arthropoda,1,ABM-RBV,120094,sp.,16123,Muddy Brook,,Limoniinae,,,Hexapoda,,,,,Hexatoma sp.,L. Smith,Hexatomini,0,100,1
1,,0,Insecta,N,1,RBV-2024-019,9/7/2024,418,KN1M2,Y,Baetidae,Heterocloeon,Riffle,N,N,,,Animalia,,EcoAnalysts,8436.6-19,1344,Larvae,Ephemeroptera,Arthropoda,1,ABM-RBV,100794,sp.,16123,Muddy Brook,,,,,Hexapoda,,,,,Heterocloeon sp.,L. Smith,,0,100,1
1,,0,Insecta,N,1,RBV-2024-019,9/7/2024,420,KN1M2,Y,Heptageniidae,Epeorus,Riffle,N,N,,,Animalia,,EcoAnalysts,8436.6-19,209,Larvae,Ephemeroptera,Arthropoda,1,ABM-RBV,100626,sp.,16123,Muddy Brook,,,,,Hexapoda,,,,,Epeorus sp.,L. Smith,,0,100,1
1,,0,Insecta,N,1,RBV-2024-019,9/7/2024,69,KN1M2,Y,Heptageniidae,Maccaffertium,Riffle,N,N,,,Animalia,,EcoAnalysts,8436.6-19,230,Larvae,Ephemeroptera,Arthropoda,1,ABM-RBV,100530,Maccaffertium mediopunctatum,16123,Muddy Brook,,,,,Hexapoda,,,,,Maccaffertium mediopunctatum,L. Smith,,0,100,1
1,,0,Insecta,N,1,RBV-2024-019,9/7/2024,67,KN1M2,Y,Heptageniidae,Maccaffertium,Riffle,Y,N,,,Animalia,,EcoAnalysts,8436.6-19,236,Larvae,Ephemeroptera,Arthropoda,1,ABM-RBV,697957,sp.,16123,Muddy Brook,,,,,Hexapoda,,,,,Maccaffertium sp.,L. Smith,,0,100,1
1,,0,Insecta,N,1,RBV-2024-019,9/7/2024,1208,KN1M2,Y,Corydalidae,Nigronia,Riffle,N,N,,,Animalia,,EcoAnalysts,8436.6-19,4341,Larvae,Megaloptera,Arthropoda,1,ABM-RBV,115029,Nigronia fasciatus,16123,Muddy Brook,Pterygota,Chauliodinae,,,Hexapoda,,,,Neuropterida,Nigronia fasciatus,L. Smith,,0,100,1
1,,0,Insecta,N,1,RBV-2024-019,9/7/2024,754,KN1M2,Y,Sialidae,Sialis,Riffle,N,N,,,Animalia,,EcoAnalysts,8436.6-19,510,Larvae,Megaloptera,Arthropoda,1,ABM-RBV,115002,sp.,16123,Muddy Brook,Pterygota,,,,Hexapoda,,,,Neuropterida,Sialis sp.,L. Smith,,0,100,1
1,,0,Insecta,N,1,RBV-2024-019,9/7/2024,1197,KN1M2,Y,Calopterygidae,Calopteryx,Riffle,N,N,,,Animalia,,EcoAnalysts,8436.6-19,3909,Larvae,Odonata,Arthropoda,1,ABM-RBV,102054,Calopteryx dimidiata,16123,Muddy Brook,,,,Zygoptera,Hexapoda,,,,,Calopteryx dimidiata,L. Smith,,0,100,1
1,,0,Insecta,N,1,RBV-2024-019,9/7/2024,884,KN1M2,Y,Gomphidae,,Riffle,Y,N,,,Animalia,,EcoAnalysts,8436.6-19,277,Larvae,Odonata,Arthropoda,1,ABM-RBV,101664,,16123,Muddy Brook,,,,Anisoptera,Hexapoda,,,,,Gomphidae,L. Smith,,0,100,1
2,,0,Insecta,N,2,RBV-2024-019,9/7/2024,340,KN1M2,Y,Perlidae,Acroneuria,Riffle,N,N,,,Animalia,,EcoAnalysts,8436.6-19,360,Larvae,Plecoptera,Arthropoda,1,ABM-RBV,102919,Acroneuria abnormis,16123,Muddy Brook,Pterygota,,,,Hexapoda,,,,,Acroneuria abnormis,L. Smith,,0,100,1
1,,0,Insecta,N,1,RBV-2024-019,9/7/2024,865,KN1M2,Y,Brachycentridae,Brachycentrus,Riffle,N,N,,,Animalia,,EcoAnalysts,8436.6-19,523,Larvae,Trichoptera,Arthropoda,1,ABM-RBV,116914,Brachycentrus lateralis,16123,Muddy Brook,Pterygota,,,,Hexapoda,,,,,Brachycentrus lateralis,L. Smith,,0,100,1
1,,0,Insecta,N,1,RBV-2024-019,9/7/2024,762,KN1M2,Y,Glossosomatidae,Glossosoma,Riffle,N,N,,,Animalia,,EcoAnalysts,8436.6-19,536,Larvae,Trichoptera,Arthropoda,1,ABM-RBV,117159,sp.,16123,Muddy Brook,Pterygota,,,,Hexapoda,,,,,Glossosoma sp.,L. Smith,,0,100,1
1,,0,Insecta,N,1,RBV-2024-019,9/7/2024,763,KN1M2,Y,Helicopsychidae,Helicopsyche,Riffle,N,N,,,Animalia,,EcoAnalysts,8436.6-19,540,Larvae,Trichoptera,Arthropoda,1,ABM-RBV,117020,Helicopsyche borealis,16123,Muddy Brook,Pterygota,,,,Hexapoda,,,,,Helicopsyche borealis,L. Smith,,0,100,1
1,,0,Insecta,N,1,RBV-2024-019,9/7/2024,774,KN1M2,Y,Hydropsychidae,Hydropsyche,Riffle,N,N,,,Animalia,,EcoAnalysts,8436.6-19,546,Larvae,Trichoptera,Arthropoda,1,ABM-RBV,115454,Hydropsyche betteni,16123,Muddy Brook,Pterygota,Hydropsychinae,,,Hexapoda,,,,,Hydropsyche betteni,L. Smith,,0,100,1
2,,0,Insecta,N,2,RBV-2024-019,9/7/2024,773,KN1M2,Y,Hydropsychidae,Hydropsyche,Riffle,Y,N,,,Animalia,,EcoAnalysts,8436.6-19,565,Larvae,Trichoptera,Arthropoda,1,ABM-RBV,115453,sp.,16123,Muddy Brook,Pterygota,Hydropsychinae,,,Hexapoda,,,,,Hydropsyche sp.,L. Smith,,0,100,1
2,,0,Insecta,N,2,RBV-2024-019,9/7/2024,823,KN1M2,Y,Odontoceridae,Psilotreta,Riffle,N,N,,,Animalia,,EcoAnalysts,8436.6-19,633,Larvae,Trichoptera,Arthropoda,1,ABM-RBV,116497,sp.,16123,Muddy Brook,Pterygota,,,,Hexapoda,,,,,Psilotreta sp.,L. Smith,,0,100,1
2,,0,Insecta,N,2,RBV-2024-019,9/7/2024,829,KN1M2,Y,Philopotamidae,Dolophilodes,Riffle,N,N,,,Animalia,,EcoAnalysts,8436.6-19,638,Larvae,Trichoptera,Arthropoda,1,ABM-RBV,115319,sp.,16123,Muddy Brook,Pterygota,,,,Hexapoda,,,,,Dolophilodes sp.,L. Smith,,0,100,1
2,,0,Insecta,N,2,RBV-2024-009,10/11/2024,516,KN1M2,Y,Psephenidae,Psephenus,Riffle,N,N,,,Animalia,,EcoAnalysts,8436.6-9,500,Larvae,Coleoptera,Arthropoda,1,ABM-RBV,114072,Psephenus herricki,19215,Ransom (East) Brook ,Pterygota,,,Polyphaga,Hexapoda,,,,,Psephenus herricki,L. Smith,,0,100,1
3,,0,Insecta,N,3,RBV-2024-009,10/11/2024,551,KN1M2,Y,Chironomidae,,Riffle,N,N,,,Animalia,,EcoAnalysts,8436.6-9,765,Larvae,Diptera,Arthropoda,1,ABM-RBV,127917,,19215,Ransom (East) Brook ,,,,Nematocera,Hexapoda,,,,,Chironomidae,L. Smith,,0,100,1
1,,0,Insecta,N,1,RBV-2024-009,10/11/2024,694,KN1M2,Y,Tipulidae,Hexatoma,Riffle,N,N,,,Animalia,,EcoAnalysts,8436.6-9,755,Larvae,Diptera,Arthropoda,1,ABM-RBV,120094,sp.,19215,Ransom (East) Brook ,,Limoniinae,,,Hexapoda,,,,,Hexatoma sp.,L. Smith,Hexatomini,0,100,1
4,,0,Insecta,N,4,RBV-2024-009,10/11/2024,742,KN1M2,Y,Tipulidae,Tipula,Riffle,N,N,,,Animalia,,EcoAnalysts,8436.6-9,764,Larvae,Diptera,Arthropoda,1,ABM-RBV,119037,sp.,19215,Ransom (East) Brook ,,Tipulinae,,,Hexapoda,,,,,Tipula sp.,L. Smith,,0,100,1
5,,0,Insecta,N,5,RBV-2024-009,10/11/2024,994,KN1M2,Y,Heptageniidae,Maccaffertium,Riffle,N,N,,,Animalia,,EcoAnalysts,8436.6-9,232,Larvae,Ephemeroptera,Arthropoda,1,ABM-RBV,100532,Maccaffertium modestum,19215,Ransom (East) Brook ,,,,,Hexapoda,,,,,Maccaffertium modestum,L. Smith,,0,100,1
1,,0,Insecta,N,1,RBV-2024-009,10/11/2024,67,KN1M2,Y,Heptageniidae,Maccaffertium,Riffle,Y,N,,,Animalia,,EcoAnalysts,8436.6-9,236,Larvae,Ephemeroptera,Arthropoda,1,ABM-RBV,697957,sp.,19215,Ransom (East) Brook ,,,,,Hexapoda,,,,,Maccaffertium sp.,L. Smith,,0,100,1
3,,0,Insecta,N,3,RBV-2024-009,10/11/2024,750,KN1M2,Y,Corydalidae,Nigronia,Riffle,N,N,,,Animalia,,EcoAnalysts,8436.6-9,3686,Larvae,Megaloptera,Arthropoda,1,ABM-RBV,115031,Nigronia serricornis,19215,Ransom (East) Brook ,Pterygota,Chauliodinae,,,Hexapoda,,,,Neuropterida,Nigronia serricornis,L. Smith,,0,100,1
3,,0,Insecta,N,3,RBV-2024-009,10/11/2024,883,KN1M2,Y,Aeshnidae,Boyeria,Riffle,N,N,,,Animalia,,EcoAnalysts,8436.6-9,2797,Larvae,Odonata,Arthropoda,1,ABM-RBV,101647,Boyeria vinosa,19215,Ransom (East) Brook ,,,,Anisoptera,Hexapoda,,,,,Boyeria vinosa,L. Smith,,0,100,1
1,,0,Insecta,N,1,RBV-2024-009,10/11/2024,367,KN1M2,Y,Calopterygidae,Calopteryx,Riffle,N,N,,,Animalia,,EcoAnalysts,8436.6-9,3693,Larvae,Odonata,Arthropoda,1,ABM-RBV,102055,Calopteryx maculata,19215,Ransom (East) Brook ,,,,Zygoptera,Hexapoda,,,,,Calopteryx maculata,L. Smith,,0,100,1
2,,0,Insecta,N,2,RBV-2024-009,10/11/2024,325,KN1M2,Y,Peltoperlidae,Tallaperla,Riffle,N,N,,,Animalia,,EcoAnalysts,8436.6-9,355,Larvae,Plecoptera,Arthropoda,1,ABM-RBV,102500,sp.,19215,Ransom (East) Brook ,Pterygota,,,,Hexapoda,,,,,Tallaperla sp.,L. Smith,,0,100,1
1,,0,Insecta,N,1,RBV-2024-009,10/11/2024,340,KN1M2,Y,Perlidae,Acroneuria,Riffle,N,N,,,Animalia,,EcoAnalysts,8436.6-9,360,Larvae,Plecoptera,Arthropoda,1,ABM-RBV,102919,Acroneuria abnormis,19215,Ransom (East) Brook ,Pterygota,,,,Hexapoda,,,,,Acroneuria abnormis,L. Smith,,0,100,1
3,,0,Insecta,N,3,RBV-2024-009,10/11/2024,354,KN1M2,Y,Perlidae,Eccoptura,Riffle,N,N,,,Animalia,,EcoAnalysts,8436.6-9,1354,Larvae,Plecoptera,Arthropoda,1,ABM-RBV,102940,Eccoptura xanthenes,19215,Ransom (East) Brook ,Pterygota,,,,Hexapoda,,,,,Eccoptura xanthenes,L. Smith,,0,100,1
2,,0,Insecta,N,2,RBV-2024-009,10/11/2024,359,KN1M2,Y,Perlidae,Paragnetina,Riffle,N,N,,,Animalia,,EcoAnalysts,8436.6-9,378,Larvae,Plecoptera,Arthropoda,1,ABM-RBV,102968,Paragnetina media,19215,Ransom (East) Brook ,Pterygota,,,,Hexapoda,,,,,Paragnetina media,L. Smith,,0,100,1
1,,0,Insecta,N,1,RBV-2024-009,10/11/2024,865,KN1M2,Y,Brachycentridae,Brachycentrus,Riffle,N,N,,,Animalia,,EcoAnalysts,8436.6-9,523,Larvae,Trichoptera,Arthropoda,1,ABM-RBV,116914,Brachycentrus lateralis,19215,Ransom (East) Brook ,Pterygota,,,,Hexapoda,,,,,Brachycentrus lateralis,L. Smith,,0,100,1
1,,0,Insecta,N,1,RBV-2024-009,10/11/2024,770,KN1M2,Y,Hydropsychidae,Cheumatopsyche,Riffle,N,N,,,Animalia,,EcoAnalysts,8436.6-9,544,Larvae,Trichoptera,Arthropoda,1,ABM-RBV,115408,sp.,19215,Ransom (East) Brook ,Pterygota,Hydropsychinae,,,Hexapoda,,,,,Cheumatopsyche sp.,L. Smith,,0,100,1
2,,0,Insecta,N,2,RBV-2024-009,10/11/2024,823,KN1M2,Y,Odontoceridae,Psilotreta,Riffle,N,N,,,Animalia,,EcoAnalysts,8436.6-9,633,Larvae,Trichoptera,Arthropoda,1,ABM-RBV,116497,sp.,19215,Ransom (East) Brook ,Pterygota,,,,Hexapoda,,,,,Psilotreta sp.,L. Smith,,0,100,1
1,,0,Arachnida,N,1,RBV-2024-010,10/11/2024,387,KN1M2,Y,Sperchontidae,Sperchon,Riffle,N,N,,,Animalia,,EcoAnalysts,8436.6-10,3002,N/A,Trombidiformes,Arthropoda,1,ABM-RBV,83006,sp.,15313,Harris Brook ,Acari,,,,Chelicerata,,,,Acariformes,Sperchon sp.,L. Smith,,0,100,1
1,,0,Insecta,N,1,RBV-2024-010,10/11/2024,514,KN1M2,Y,Psephenidae,Ectopria,Riffle,N,N,,,Animalia,,EcoAnalysts,8436.6-10,498,Larvae,Coleoptera,Arthropoda,1,ABM-RBV,114087,sp.,15313,Harris Brook ,Pterygota,,,Polyphaga,Hexapoda,,,,,Ectopria sp.,L. Smith,,0,100,1
1,,0,Insecta,N,1,RBV-2024-010,10/11/2024,516,KN1M2,Y,Psephenidae,Psephenus,Riffle,N,N,,,Animalia,,EcoAnalysts,8436.6-10,500,Larvae,Coleoptera,Arthropoda,1,ABM-RBV,114072,Psephenus herricki,15313,Harris Brook ,Pterygota,,,Polyphaga,Hexapoda,,,,,Psephenus herricki,L. Smith,,0,100,1
1,,0,Insecta,N,1,RBV-2024-010,10/11/2024,414,KN1M2,Y,Baetidae,Baetis,Riffle,N,N,,,Animalia,,EcoAnalysts,8436.6-10,144,Larvae,Ephemeroptera,Arthropoda,1,ABM-RBV,100817,Baetis tricaudatus,15313,Harris Brook ,,,,,Hexapoda,,,,,Baetis tricaudatus,L. Smith,,0,100,1
4,,0,Insecta,N,4,RBV-2024-010,10/11/2024,901,KN1M2,Y,Ephemerellidae,Ephemerella,Riffle,N,N,,,Animalia,,EcoAnalysts,8436.6-10,179,Larvae,Ephemeroptera,Arthropoda,1,ABM-RBV,101282,Ephemerella invaria,15313,Harris Brook ,,,,,Hexapoda,,,,,Ephemerella invaria,L. Smith,,0,100,1
2,,0,Insecta,N,2,RBV-2024-010,10/11/2024,994,KN1M2,Y,Heptageniidae,Maccaffertium,Riffle,N,N,,,Animalia,,EcoAnalysts,8436.6-10,232,Larvae,Ephemeroptera,Arthropoda,1,ABM-RBV,100532,Maccaffertium modestum,15313,Harris Brook ,,,,,Hexapoda,,,,,Maccaffertium modestum,L. Smith,,0,100,1
3,,0,Insecta,N,3,RBV-2024-010,10/11/2024,429,KN1M2,Y,Isonychiidae,Isonychia,Riffle,N,N,,,Animalia,,EcoAnalysts,8436.6-10,251,Larvae,Ephemeroptera,Arthropoda,1,ABM-RBV,101041,sp.,15313,Harris Brook ,,,,,Hexapoda,,,,,Isonychia sp.,L. Smith,,0,100,1
1,,0,Insecta,N,1,RBV-2024-010,10/11/2024,749,KN1M2,Y,Corydalidae,Corydalus,Riffle,N,N,,,Animalia,,EcoAnalysts,8436.6-10,507,Larvae,Megaloptera,Arthropoda,1,ABM-RBV,115034,Corydalus cornutus,15313,Harris Brook ,Pterygota,Corydalinae,,,Hexapoda,,,,Neuropterida,Corydalus cornutus,L. Smith,,0,100,1
1,,0,Insecta,N,1,RBV-2024-010,10/11/2024,750,KN1M2,Y,Corydalidae,Nigronia,Riffle,N,N,,,Animalia,,EcoAnalysts,8436.6-10,3686,Larvae,Megaloptera,Arthropoda,1,ABM-RBV,115031,Nigronia serricornis,15313,Harris Brook ,Pterygota,Chauliodinae,,,Hexapoda,,,,Neuropterida,Nigronia serricornis,L. Smith,,0,100,1
1,,0,Insecta,N,1,RBV-2024-010,10/11/2024,883,KN1M2,Y,Aeshnidae,Boyeria,Riffle,N,N,,,Animalia,,EcoAnalysts,8436.6-10,2797,Larvae,Odonata,Arthropoda,1,ABM-RBV,101647,Boyeria vinosa,15313,Harris Brook ,,,,Anisoptera,Hexapoda,,,,,Boyeria vinosa,L. Smith,,0,100,1
2,,0,Insecta,N,2,RBV-2024-010,10/11/2024,889,KN1M2,Y,Gomphidae,Ophiogomphus,Riffle,N,N,,,Animalia,,EcoAnalysts,8436.6-10,282,Larvae,Odonata,Arthropoda,1,ABM-RBV,101738,sp.,15313,Harris Brook ,,,,Anisoptera,Hexapoda,,,,,Ophiogomphus sp.,L. Smith,,0,100,1
5,,0,Insecta,N,5,RBV-2024-010,10/11/2024,340,KN1M2,Y,Perlidae,Acroneuria,Riffle,N,N,,,Animalia,,EcoAnalysts,8436.6-10,360,Larvae,Plecoptera,Arthropoda,1,ABM-RBV,102919,Acroneuria abnormis,15313,Harris Brook ,Pterygota,,,,Hexapoda,,,,,Acroneuria abnormis,L. Smith,,0,100,1
1,,0,Insecta,N,1,RBV-2024-010,10/11/2024,339,KN1M2,Y,Perlidae,Acroneuria,Riffle,N,N,,,Animalia,,EcoAnalysts,8436.6-10,363,Larvae,Plecoptera,Arthropoda,1,ABM-RBV,102917,sp.,15313,Harris Brook ,Pterygota,,,,Hexapoda,,,,,Acroneuria sp.,L. Smith,,0,100,1
1,,0,Insecta,N,1,RBV-2024-010,10/11/2024,865,KN1M2,Y,Brachycentridae,Brachycentrus,Riffle,N,N,,,Animalia,,EcoAnalysts,8436.6-10,523,Larvae,Trichoptera,Arthropoda,1,ABM-RBV,116914,Brachycentrus lateralis,15313,Harris Brook ,Pterygota,,,,Hexapoda,,,,,Brachycentrus lateralis,L. Smith,,0,100,1
1,,0,Insecta,N,1,RBV-2024-010,10/11/2024,770,KN1M2,Y,Hydropsychidae,Cheumatopsyche,Riffle,N,N,,,Animalia,,EcoAnalysts,8436.6-10,544,Larvae,Trichoptera,Arthropoda,1,ABM-RBV,115408,sp.,15313,Harris Brook ,Pterygota,Hydropsychinae,,,Hexapoda,,,,,Cheumatopsyche sp.,L. Smith,,0,100,1
2,,0,Insecta,N,2,RBV-2024-010,10/11/2024,774,KN1M2,Y,Hydropsychidae,Hydropsyche,Riffle,N,N,,,Animalia,,EcoAnalysts,8436.6-10,546,Larvae,Trichoptera,Arthropoda,1,ABM-RBV,115454,Hydropsyche betteni,15313,Harris Brook ,Pterygota,Hydropsychinae,,,Hexapoda,,,,,Hydropsyche betteni,L. Smith,,0,100,1
1,,0,Insecta,N,1,RBV-2024-010,10/11/2024,766,KN1M2,Y,Hydropsychidae,Hydropsyche,Riffle,N,N,,,Animalia,,EcoAnalysts,8436.6-10,547,Larvae,Trichoptera,Arthropoda,1,ABM-RBV,115578,Hydropsyche bronta,15313,Harris Brook ,Pterygota,Hydropsychinae,,,Hexapoda,,,,,Hydropsyche bronta,L. Smith,,0,100,1
1,,0,Insecta,N,1,RBV-2024-010,10/11/2024,773,KN1M2,Y,Hydropsychidae,Hydropsyche,Riffle,N,Y,,,Animalia,,EcoAnalysts,8436.6-10,565,Larvae,Trichoptera,Arthropoda,1,ABM-RBV,115453,sp.,15313,Harris Brook ,Pterygota,Hydropsychinae,,,Hexapoda,,,,,Hydropsyche sp.,L. Smith,,0,100,1
3,,0,Insecta,N,3,RBV-2024-010,10/11/2024,826,KN1M2,Y,Philopotamidae,Chimarra,Riffle,N,N,,,Animalia,,EcoAnalysts,8436.6-10,635,Larvae,Trichoptera,Arthropoda,1,ABM-RBV,115278,Chimarra aterrima,15313,Harris Brook ,Pterygota,,,,Hexapoda,,,,,Chimarra aterrima,L. Smith,,0,100,1
2,,0,Insecta,N,2,RBV-2024-011,10/11/2024,551,KN1M2,Y,Chironomidae,,Riffle,N,N,,,Animalia,,EcoAnalysts,8436.6-11,765,Larvae,Diptera,Arthropoda,1,ABM-RBV,127917,,19214,Harris Brook ,,,,Nematocera,Hexapoda,,,,,Chironomidae,L. Smith,,0,100,1
3,,0,Insecta,N,3,RBV-2024-011,10/11/2024,994,KN1M2,Y,Heptageniidae,Maccaffertium,Riffle,N,N,,,Animalia,,EcoAnalysts,8436.6-11,232,Larvae,Ephemeroptera,Arthropoda,1,ABM-RBV,100532,Maccaffertium modestum,19214,Harris Brook ,,,,,Hexapoda,,,,,Maccaffertium modestum,L. Smith,,0,100,1
3,,0,Insecta,N,3,RBV-2024-011,10/11/2024,429,KN1M2,Y,Isonychiidae,Isonychia,Riffle,N,N,,,Animalia,,EcoAnalysts,8436.6-11,251,Larvae,Ephemeroptera,Arthropoda,1,ABM-RBV,101041,sp.,19214,Harris Brook ,,,,,Hexapoda,,,,,Isonychia sp.,L. Smith,,0,100,1
3,,0,Insecta,N,3,RBV-2024-011,10/11/2024,750,KN1M2,Y,Corydalidae,Nigronia,Riffle,N,N,,,Animalia,,EcoAnalysts,8436.6-11,3686,Larvae,Megaloptera,Arthropoda,1,ABM-RBV,115031,Nigronia serricornis,19214,Harris Brook ,Pterygota,Chauliodinae,,,Hexapoda,,,,Neuropterida,Nigronia serricornis,L. Smith,,0,100,1
2,,0,Insecta,N,2,RBV-2024-011,10/11/2024,883,KN1M2,Y,Aeshnidae,Boyeria,Riffle,N,N,,,Animalia,,EcoAnalysts,8436.6-11,2797,Larvae,Odonata,Arthropoda,1,ABM-RBV,101647,Boyeria vinosa,19214,Harris Brook ,,,,Anisoptera,Hexapoda,,,,,Boyeria vinosa,L. Smith,,0,100,1
5,,0,Insecta,N,5,RBV-2024-011,10/11/2024,367,KN1M2,Y,Calopterygidae,Calopteryx,Riffle,N,N,,,Animalia,,EcoAnalysts,8436.6-11,3693,Larvae,Odonata,Arthropoda,1,ABM-RBV,102055,Calopteryx maculata,19214,Harris Brook ,,,,Zygoptera,Hexapoda,,,,,Calopteryx maculata,L. Smith,,0,100,1
1,,0,Insecta,N,1,RBV-2024-011,10/11/2024,313,KN1M2,Y,Capniidae,,Riffle,Y,N,,,Animalia,,EcoAnalysts,8436.6-11,308,Larvae,Plecoptera,Arthropoda,1,ABM-RBV,102643,,19214,Harris Brook ,Pterygota,,,,Hexapoda,,,,,Capniidae,L. Smith,,0,100,1
1,,0,Insecta,N,1,RBV-2024-011,10/11/2024,325,KN1M2,Y,Peltoperlidae,Tallaperla,Riffle,N,N,,,Animalia,,EcoAnalysts,8436.6-11,355,Larvae,Plecoptera,Arthropoda,1,ABM-RBV,102500,sp.,19214,Harris Brook ,Pterygota,,,,Hexapoda,,,,,Tallaperla sp.,L. Smith,,0,100,1
3,,0,Insecta,N,3,RBV-2024-011,10/11/2024,340,KN1M2,Y,Perlidae,Acroneuria,Riffle,N,N,,,Animalia,,EcoAnalysts,8436.6-11,360,Larvae,Plecoptera,Arthropoda,1,ABM-RBV,102919,Acroneuria abnormis,19214,Harris Brook ,Pterygota,,,,Hexapoda,,,,,Acroneuria abnormis,L. Smith,,0,100,1
1,,0,Insecta,N,1,RBV-2024-011,10/11/2024,328,KN1M2,Y,Taeniopterygidae,,Riffle,Y,N,,,Animalia,,EcoAnalysts,8436.6-11,410,Larvae,Plecoptera,Arthropoda,1,ABM-RBV,102788,,19214,Harris Brook ,Pterygota,,,,Hexapoda,,,,,Taeniopterygidae,L. Smith,,0,100,1
1,,0,Insecta,N,1,RBV-2024-011,10/11/2024,774,KN1M2,Y,Hydropsychidae,Hydropsyche,Riffle,N,N,,,Animalia,,EcoAnalysts,8436.6-11,546,Larvae,Trichoptera,Arthropoda,1,ABM-RBV,115454,Hydropsyche betteni,19214,Harris Brook ,Pterygota,Hydropsychinae,,,Hexapoda,,,,,Hydropsyche betteni,L. Smith,,0,100,1
1,,0,Insecta,N,1,RBV-2024-011,10/11/2024,829,KN1M2,Y,Philopotamidae,Dolophilodes,Riffle,N,N,,,Animalia,,EcoAnalysts,8436.6-11,638,Larvae,Trichoptera,Arthropoda,1,ABM-RBV,115319,sp.,19214,Harris Brook ,Pterygota,,,,Hexapoda,,,,,Dolophilodes sp.,L. Smith,,0,100,1
1,,0,Clitellata,N,1,RBV-2024-012,10/11/2024,651,KN1M2,Y,,,Riffle,N,N,,,Animalia,,EcoAnalysts,8436.6-12,4,N/A,,Annelida,1,ABM-RBV,68422,,19458,Roaring Brook ,Oligochaeta,,,,,,,,,Oligochaeta,L. Smith,,0,100,1
1,,0,Insecta,N,1,RBV-2024-012,10/11/2024,914,KN1M2,Y,Elmidae,Optioservus,Riffle,N,N,,,Animalia,,EcoAnalysts,8436.6-12,461,Adults,Coleoptera,Arthropoda,1,ABM-RBV,114185,Optioservus ovalis,19458,Roaring Brook ,Pterygota,,,Polyphaga,Hexapoda,,,,,Optioservus ovalis,L. Smith,,0,100,1
1,,0,Insecta,N,1,RBV-2024-012,10/11/2024,516,KN1M2,Y,Psephenidae,Psephenus,Riffle,N,N,,,Animalia,,EcoAnalysts,8436.6-12,500,Larvae,Coleoptera,Arthropoda,1,ABM-RBV,114072,Psephenus herricki,19458,Roaring Brook ,Pterygota,,,Polyphaga,Hexapoda,,,,,Psephenus herricki,L. Smith,,0,100,1
1,,0,Insecta,N,1,RBV-2024-012,10/11/2024,536,KN1M2,Y,Athericidae,Atherix,Riffle,N,N,,,Animalia,,EcoAnalysts,8436.6-12,695,Larvae,Diptera,Arthropoda,1,ABM-RBV,130929,sp.,19458,Roaring Brook ,,,,Brachycera,Hexapoda,,,,,Atherix sp.,L. Smith,,0,100,1
1,,0,Insecta,N,1,RBV-2024-012,10/11/2024,551,KN1M2,Y,Chironomidae,,Riffle,N,N,,,Animalia,,EcoAnalysts,8436.6-12,765,Larvae,Diptera,Arthropoda,1,ABM-RBV,127917,,19458,Roaring Brook ,,,,Nematocera,Hexapoda,,,,,Chironomidae,L. Smith,,0,100,1
1,,0,Insecta,N,1,RBV-2024-012,10/11/2024,694,KN1M2,Y,Tipulidae,Hexatoma,Riffle,N,N,,,Animalia,,EcoAnalysts,8436.6-12,755,Larvae,Diptera,Arthropoda,1,ABM-RBV,120094,sp.,19458,Roaring Brook ,,Limoniinae,,,Hexapoda,,,,,Hexatoma sp.,L. Smith,Hexatomini,0,100,1
1,,0,Insecta,N,1,RBV-2024-012,10/11/2024,742,KN1M2,Y,Tipulidae,Tipula,Riffle,N,N,,,Animalia,,EcoAnalysts,8436.6-12,764,Larvae,Diptera,Arthropoda,1,ABM-RBV,119037,sp.,19458,Roaring Brook ,,Tipulinae,,,Hexapoda,,,,,Tipula sp.,L. Smith,,0,100,1
1,,0,Insecta,N,1,RBV-2024-012,10/11/2024,462,KN1M2,Y,Ephemerellidae,Teloganopsis,Riffle,N,N,,,Animalia,,EcoAnalysts,8436.6-12,188,Larvae,Ephemeroptera,Arthropoda,1,ABM-RBV,101396,Teloganopsis deficiens,19458,Roaring Brook ,,,,,Hexapoda,,,,,Teloganopsis deficiens,L. Smith,,0,100,1
1,,0,Insecta,N,1,RBV-2024-012,10/11/2024,68,KN1M2,Y,Heptageniidae,Maccaffertium,Riffle,N,N,,,Animalia,,EcoAnalysts,8436.6-12,229,Larvae,Ephemeroptera,Arthropoda,1,ABM-RBV,100527,Maccaffertium ithaca,19458,Roaring Brook ,,,,,Hexapoda,,,,,Maccaffertium ithaca,L. Smith,,0,100,1
2,,0,Insecta,N,2,RBV-2024-012,10/11/2024,429,KN1M2,Y,Isonychiidae,Isonychia,Riffle,N,N,,,Animalia,,EcoAnalysts,8436.6-12,251,Larvae,Ephemeroptera,Arthropoda,1,ABM-RBV,101041,sp.,19458,Roaring Brook ,,,,,Hexapoda,,,,,Isonychia sp.,L. Smith,,0,100,1
2,,0,Insecta,N,2,RBV-2024-012,10/11/2024,750,KN1M2,Y,Corydalidae,Nigronia,Riffle,N,N,,,Animalia,,EcoAnalysts,8436.6-12,3686,Larvae,Megaloptera,Arthropoda,1,ABM-RBV,115031,Nigronia serricornis,19458,Roaring Brook ,Pterygota,Chauliodinae,,,Hexapoda,,,,Neuropterida,Nigronia serricornis,L. Smith,,0,100,1
1,,0,Insecta,N,1,RBV-2024-012,10/11/2024,883,KN1M2,Y,Aeshnidae,Boyeria,Riffle,N,N,,,Animalia,,EcoAnalysts,8436.6-12,2797,Larvae,Odonata,Arthropoda,1,ABM-RBV,101647,Boyeria vinosa,19458,Roaring Brook ,,,,Anisoptera,Hexapoda,,,,,Boyeria vinosa,L. Smith,,0,100,1
1,,0,Insecta,N,1,RBV-2024-012,10/11/2024,889,KN1M2,Y,Gomphidae,Ophiogomphus,Riffle,N,N,,,Animalia,,EcoAnalysts,8436.6-12,282,Larvae,Odonata,Arthropoda,1,ABM-RBV,101738,sp.,19458,Roaring Brook ,,,,Anisoptera,Hexapoda,,,,,Ophiogomphus sp.,L. Smith,,0,100,1
1,,0,Insecta,N,1,RBV-2024-012,10/11/2024,325,KN1M2,Y,Peltoperlidae,Tallaperla,Riffle,N,N,,,Animalia,,EcoAnalysts,8436.6-12,355,Larvae,Plecoptera,Arthropoda,1,ABM-RBV,102500,sp.,19458,Roaring Brook ,Pterygota,,,,Hexapoda,,,,,Tallaperla sp.,L. Smith,,0,100,1
2,,0,Insecta,N,2,RBV-2024-012,10/11/2024,340,KN1M2,Y,Perlidae,Acroneuria,Riffle,N,N,,,Animalia,,EcoAnalysts,8436.6-12,360,Larvae,Plecoptera,Arthropoda,1,ABM-RBV,102919,Acroneuria abnormis,19458,Roaring Brook ,Pterygota,,,,Hexapoda,,,,,Acroneuria abnormis,L. Smith,,0,100,1
2,,0,Insecta,N,2,RBV-2024-012,10/11/2024,865,KN1M2,Y,Brachycentridae,Brachycentrus,Riffle,N,N,,,Animalia,,EcoAnalysts,8436.6-12,523,Larvae,Trichoptera,Arthropoda,1,ABM-RBV,116914,Brachycentrus lateralis,19458,Roaring Brook ,Pterygota,,,,Hexapoda,,,,,Brachycentrus lateralis,L. Smith,,0,100,1
1,,0,Insecta,N,1,RBV-2024-012,10/11/2024,810,KN1M2,Y,Goeridae,Goera,Riffle,N,N,,,Animalia,,EcoAnalysts,8436.6-12,615,Larvae,Trichoptera,Arthropoda,1,ABM-RBV,116423,sp.,19458,Roaring Brook ,Pterygota,,,,Hexapoda,,,,,Goera sp.,L. Smith,,0,100,1
1,,0,Insecta,N,1,RBV-2024-012,10/11/2024,774,KN1M2,Y,Hydropsychidae,Hydropsyche,Riffle,N,N,,,Animalia,,EcoAnalysts,8436.6-12,546,Larvae,Trichoptera,Arthropoda,1,ABM-RBV,115454,Hydropsyche betteni,19458,Roaring Brook ,Pterygota,Hydropsychinae,,,Hexapoda,,,,,Hydropsyche betteni,L. Smith,,0,100,1
2,,0,Insecta,N,2,RBV-2024-012,10/11/2024,829,KN1M2,Y,Philopotamidae,Dolophilodes,Riffle,N,N,,,Animalia,,EcoAnalysts,8436.6-12,638,Larvae,Trichoptera,Arthropoda,1,ABM-RBV,115319,sp.,19458,Roaring Brook ,Pterygota,,,,Hexapoda,,,,,Dolophilodes sp.,L. Smith,,0,100,1
1,,0,Insecta,N,1,RBV-2024-012,10/11/2024,851,KN1M2,Y,Rhyacophilidae,Rhyacophila,Riffle,N,N,,,Animalia,,EcoAnalysts,8436.6-12,2793,Larvae,Trichoptera,Arthropoda,1,ABM-RBV,115133,Rhyacophila fuscula,19458,Roaring Brook ,Pterygota,,,,Hexapoda,,,,,Rhyacophila fuscula,L. Smith,,0,100,1
2,,0,Insecta,N,2,RBV-2024-014,10/18/2024,994,KN1M2,Y,Heptageniidae,Maccaffertium,Riffle,N,N,,,Animalia,,EcoAnalysts,8436.6-14,232,Larvae,Ephemeroptera,Arthropoda,1,ABM-RBV,100532,Maccaffertium modestum,20884,Frasier Brook ,,,,,Hexapoda,,,,,Maccaffertium modestum,L. Smith,,0,100,1
1,,0,Insecta,N,1,RBV-2024-014,10/18/2024,1141,KN1M2,Y,Leptophlebiidae,Neoleptophlebia,Riffle,N,N,,,Animalia,,EcoAnalysts,8436.6-14,12780,Larvae,Ephemeroptera,Arthropoda,1,ABM-RBV,NA, sp. ,20884,Frasier Brook ,,,,,Hexapoda,,,,,Neoleptophlebia sp.,L. Smith,,0,100,1
1,,0,Insecta,N,1,RBV-2024-014,10/18/2024,750,KN1M2,Y,Corydalidae,Nigronia,Riffle,N,N,,,Animalia,,EcoAnalysts,8436.6-14,3686,Larvae,Megaloptera,Arthropoda,1,ABM-RBV,115031,Nigronia serricornis,20884,Frasier Brook ,Pterygota,Chauliodinae,,,Hexapoda,,,,Neuropterida,Nigronia serricornis,L. Smith,,0,100,1
1,,0,Insecta,N,1,RBV-2024-014,10/18/2024,883,KN1M2,Y,Aeshnidae,Boyeria,Riffle,N,N,,,Animalia,,EcoAnalysts,8436.6-14,2797,Larvae,Odonata,Arthropoda,1,ABM-RBV,101647,Boyeria vinosa,20884,Frasier Brook ,,,,Anisoptera,Hexapoda,,,,,Boyeria vinosa,L. Smith,,0,100,1
1,,0,Insecta,N,1,RBV-2024-014,10/18/2024,325,KN1M2,Y,Peltoperlidae,Tallaperla,Riffle,N,N,,,Animalia,,EcoAnalysts,8436.6-14,355,Larvae,Plecoptera,Arthropoda,1,ABM-RBV,102500,sp.,20884,Frasier Brook ,Pterygota,,,,Hexapoda,,,,,Tallaperla sp.,L. Smith,,0,100,1
1,,0,Insecta,N,1,RBV-2024-014,10/18/2024,340,KN1M2,Y,Perlidae,Acroneuria,Riffle,N,N,,,Animalia,,EcoAnalysts,8436.6-14,360,Larvae,Plecoptera,Arthropoda,1,ABM-RBV,102919,Acroneuria abnormis,20884,Frasier Brook ,Pterygota,,,,Hexapoda,,,,,Acroneuria abnormis,L. Smith,,0,100,1
1,,0,Insecta,N,1,RBV-2024-014,10/18/2024,774,KN1M2,Y,Hydropsychidae,Hydropsyche,Riffle,N,N,,,Animalia,,EcoAnalysts,8436.6-14,546,Larvae,Trichoptera,Arthropoda,1,ABM-RBV,115454,Hydropsyche betteni,20884,Frasier Brook ,Pterygota,Hydropsychinae,,,Hexapoda,,,,,Hydropsyche betteni,L. Smith,,0,100,1
1,,0,Insecta,N,1,RBV-2024-014,10/18/2024,829,KN1M2,Y,Philopotamidae,Dolophilodes,Riffle,N,N,,,Animalia,,EcoAnalysts,8436.6-14,638,Larvae,Trichoptera,Arthropoda,1,ABM-RBV,115319,sp.,20884,Frasier Brook ,Pterygota,,,,Hexapoda,,,,,Dolophilodes sp.,L. Smith,,0,100,1
1,,0,Insecta,N,1,RBV-2024-014,10/18/2024,851,KN1M2,Y,Rhyacophilidae,Rhyacophila,Riffle,N,N,,,Animalia,,EcoAnalysts,8436.6-14,2793,Larvae,Trichoptera,Arthropoda,1,ABM-RBV,115133,Rhyacophila fuscula,20884,Frasier Brook ,Pterygota,,,,Hexapoda,,,,,Rhyacophila fuscula,L. Smith,,0,100,1
1,,0,Insecta,N,1,RBV-2024-014,10/18/2024,847,KN1M2,Y,Rhyacophilidae,Rhyacophila,Riffle,N,Y,,,Animalia,almost pupae,EcoAnalysts,8436.6-14,678,Larvae,Trichoptera,Arthropoda,1,ABM-RBV,115097,sp.,20884,Frasier Brook ,Pterygota,,,,Hexapoda,,,,,Rhyacophila sp.,L. Smith,,0,100,1
1,,0,Clitellata,N,1,RBV-2024-015,10/18/2024,651,KN1M2,Y,,,Riffle,N,N,,,Animalia,,EcoAnalysts,8436.6-15,4,N/A,,Annelida,1,ABM-RBV,68422,,20492,Burnham Brook ,Oligochaeta,,,,,,,,,Oligochaeta,L. Smith,,0,100,1
1,,0,Insecta,N,1,RBV-2024-015,10/18/2024,229,KN1M2,Y,Dryopidae,Helichus,Riffle,N,N,,,Animalia,,EcoAnalysts,8436.6-15,5840,Adults,Coleoptera,Arthropoda,1,ABM-RBV,NA,Helichus basalis,20492,Burnham Brook ,Pterygota,,,Polyphaga,Hexapoda,,,,,Helichus basalis,L. Smith,,0,100,1
3,,0,Insecta,N,3,RBV-2024-015,10/18/2024,863,KN1M2,Y,Ptilodactylidae,Anchytarsus,Riffle,N,N,,,Animalia,,EcoAnalysts,8436.6-15,2696,Larvae,Coleoptera,Arthropoda,1,ABM-RBV,114668,Anchytarsus bicolor,20492,Burnham Brook ,Pterygota,,,Polyphaga,Hexapoda,,,,,Anchytarsus bicolor,L. Smith,,0,100,1
2,,0,Insecta,N,2,RBV-2024-015,10/18/2024,551,KN1M2,Y,Chironomidae,,Riffle,N,N,,,Animalia,,EcoAnalysts,8436.6-15,765,Larvae,Diptera,Arthropoda,1,ABM-RBV,127917,,20492,Burnham Brook ,,,,Nematocera,Hexapoda,,,,,Chironomidae,L. Smith,,0,100,1
2,,0,Insecta,N,2,RBV-2024-015,10/18/2024,694,KN1M2,Y,Tipulidae,Hexatoma,Riffle,N,N,,,Animalia,,EcoAnalysts,8436.6-15,755,Larvae,Diptera,Arthropoda,1,ABM-RBV,120094,sp.,20492,Burnham Brook ,,Limoniinae,,,Hexapoda,,,,,Hexatoma sp.,L. Smith,Hexatomini,0,100,1
1,,0,Insecta,N,1,RBV-2024-015,10/18/2024,68,KN1M2,Y,Heptageniidae,Maccaffertium,Riffle,N,N,,,Animalia,,EcoAnalysts,8436.6-15,229,Larvae,Ephemeroptera,Arthropoda,1,ABM-RBV,100527,Maccaffertium ithaca,20492,Burnham Brook ,,,,,Hexapoda,,,,,Maccaffertium ithaca,L. Smith,,0,100,1
1,,0,Insecta,N,1,RBV-2024-015,10/18/2024,994,KN1M2,Y,Heptageniidae,Maccaffertium,Riffle,N,N,,,Animalia,,EcoAnalysts,8436.6-15,232,Larvae,Ephemeroptera,Arthropoda,1,ABM-RBV,100532,Maccaffertium modestum,20492,Burnham Brook ,,,,,Hexapoda,,,,,Maccaffertium modestum,L. Smith,,0,100,1
1,,0,Insecta,N,1,RBV-2024-015,10/18/2024,67,KN1M2,Y,Heptageniidae,Maccaffertium,Riffle,Y,N,,,Animalia,,EcoAnalysts,8436.6-15,236,Larvae,Ephemeroptera,Arthropoda,1,ABM-RBV,697957,sp.,20492,Burnham Brook ,,,,,Hexapoda,,,,,Maccaffertium sp.,L. Smith,,0,100,1
1,,0,Insecta,Y,1,RBV-2024-015,10/18/2024,463,KN1M2,Y,Leptophlebiidae,,Riffle,N,N,,,Animalia,,EcoAnalysts,8436.6-15,237,Larvae,Ephemeroptera,Arthropoda,1,ABM-RBV,101095,,20492,Burnham Brook ,,,,,Hexapoda,,,,,Leptophlebiidae,L. Smith,,0,100,1
1,,0,Insecta,N,1,RBV-2024-015,10/18/2024,1208,KN1M2,Y,Corydalidae,Nigronia,Riffle,N,N,,,Animalia,,EcoAnalysts,8436.6-15,4341,Larvae,Megaloptera,Arthropoda,1,ABM-RBV,115029,Nigronia fasciatus,20492,Burnham Brook ,Pterygota,Chauliodinae,,,Hexapoda,,,,Neuropterida,Nigronia fasciatus,L. Smith,,0,100,1
1,,0,Insecta,N,1,RBV-2024-015,10/18/2024,750,KN1M2,Y,Corydalidae,Nigronia,Riffle,N,N,,,Animalia,,EcoAnalysts,8436.6-15,3686,Larvae,Megaloptera,Arthropoda,1,ABM-RBV,115031,Nigronia serricornis,20492,Burnham Brook ,Pterygota,Chauliodinae,,,Hexapoda,,,,Neuropterida,Nigronia serricornis,L. Smith,,0,100,1
1,,0,Insecta,N,1,RBV-2024-015,10/18/2024,754,KN1M2,Y,Sialidae,Sialis,Riffle,N,N,,,Animalia,,EcoAnalysts,8436.6-15,510,Larvae,Megaloptera,Arthropoda,1,ABM-RBV,115002,sp.,20492,Burnham Brook ,Pterygota,,,,Hexapoda,,,,Neuropterida,Sialis sp.,L. Smith,,0,100,1
1,,0,Insecta,N,1,RBV-2024-015,10/18/2024,367,KN1M2,Y,Calopterygidae,Calopteryx,Riffle,N,N,,,Animalia,,EcoAnalysts,8436.6-15,3693,Larvae,Odonata,Arthropoda,1,ABM-RBV,102055,Calopteryx maculata,20492,Burnham Brook ,,,,Zygoptera,Hexapoda,,,,,Calopteryx maculata,L. Smith,,0,100,1
1,,0,Insecta,N,1,RBV-2024-015,10/18/2024,884,KN1M2,Y,Gomphidae,,Riffle,Y,N,,,Animalia,,EcoAnalysts,8436.6-15,277,Larvae,Odonata,Arthropoda,1,ABM-RBV,101664,,20492,Burnham Brook ,,,,Anisoptera,Hexapoda,,,,,Gomphidae,L. Smith,,0,100,1
1,,0,Insecta,N,1,RBV-2024-015,10/18/2024,888,KN1M2,Y,Gomphidae,Lanthus,Riffle,N,N,,,Animalia,,EcoAnalysts,8436.6-15,279,Larvae,Odonata,Arthropoda,1,ABM-RBV,101766,sp.,20492,Burnham Brook ,,,,Anisoptera,Hexapoda,,,,,Lanthus sp.,L. Smith,,0,100,1
2,,0,Insecta,N,2,RBV-2024-015,10/18/2024,340,KN1M2,Y,Perlidae,Acroneuria,Riffle,N,N,,,Animalia,,EcoAnalysts,8436.6-15,360,Larvae,Plecoptera,Arthropoda,1,ABM-RBV,102919,Acroneuria abnormis,20492,Burnham Brook ,Pterygota,,,,Hexapoda,,,,,Acroneuria abnormis,L. Smith,,0,100,1
1,,0,Insecta,N,1,RBV-2024-015,10/18/2024,774,KN1M2,Y,Hydropsychidae,Hydropsyche,Riffle,N,N,,,Animalia,,EcoAnalysts,8436.6-15,546,Larvae,Trichoptera,Arthropoda,1,ABM-RBV,115454,Hydropsyche betteni,20492,Burnham Brook ,Pterygota,Hydropsychinae,,,Hexapoda,,,,,Hydropsyche betteni,L. Smith,,0,100,1
2,,0,Insecta,N,2,RBV-2024-015,10/18/2024,823,KN1M2,Y,Odontoceridae,Psilotreta,Riffle,N,N,,,Animalia,,EcoAnalysts,8436.6-15,633,Larvae,Trichoptera,Arthropoda,1,ABM-RBV,116497,sp.,20492,Burnham Brook ,Pterygota,,,,Hexapoda,,,,,Psilotreta sp.,L. Smith,,0,100,1
2,,0,Insecta,N,2,RBV-2024-015,10/18/2024,829,KN1M2,Y,Philopotamidae,Dolophilodes,Riffle,N,N,,,Animalia,,EcoAnalysts,8436.6-15,638,Larvae,Trichoptera,Arthropoda,1,ABM-RBV,115319,sp.,20492,Burnham Brook ,Pterygota,,,,Hexapoda,,,,,Dolophilodes sp.,L. Smith,,0,100,1
1,,0,Clitellata,N,1,RBV-2024-016,10/18/2024,651,KN1M2,Y,,,Riffle,N,N,,,Animalia,,EcoAnalysts,8436.6-16,4,N/A,,Annelida,1,ABM-RBV,68422,,18694,Muddy Brook ,Oligochaeta,,,,,,,,,Oligochaeta,L. Smith,,0,100,1
1,,0,Insecta,N,1,RBV-2024-016,10/18/2024,914,KN1M2,Y,Elmidae,Optioservus,Riffle,N,N,,,Animalia,,EcoAnalysts,8436.6-16,461,Adults,Coleoptera,Arthropoda,1,ABM-RBV,114185,Optioservus ovalis,18694,Muddy Brook ,Pterygota,,,Polyphaga,Hexapoda,,,,,Optioservus ovalis,L. Smith,,0,100,1
1,,0,Insecta,N,1,RBV-2024-016,10/18/2024,740,KN1M2,Y,Tipulidae,Dicranota,Riffle,N,N,,,Animalia,,EcoAnalysts,8436.6-16,751,Larvae,Diptera,Arthropoda,1,ABM-RBV,121027,sp.,18694,Muddy Brook ,,Pediciinae,,,Hexapoda,,,,,Dicranota sp.,L. Smith,,0,100,1
1,,0,Insecta,N,1,RBV-2024-016,10/18/2024,694,KN1M2,Y,Tipulidae,Hexatoma,Riffle,N,N,,,Animalia,,EcoAnalysts,8436.6-16,755,Larvae,Diptera,Arthropoda,1,ABM-RBV,120094,sp.,18694,Muddy Brook ,,Limoniinae,,,Hexapoda,,,,,Hexatoma sp.,L. Smith,Hexatomini,0,100,1
1,,0,Insecta,N,1,RBV-2024-016,10/18/2024,901,KN1M2,Y,Ephemerellidae,Ephemerella,Riffle,N,N,,,Animalia,,EcoAnalysts,8436.6-16,179,Larvae,Ephemeroptera,Arthropoda,1,ABM-RBV,101282,Ephemerella invaria,18694,Muddy Brook ,,,,,Hexapoda,,,,,Ephemerella invaria,L. Smith,,0,100,1
1,,0,Insecta,N,1,RBV-2024-016,10/18/2024,69,KN1M2,Y,Heptageniidae,Maccaffertium,Riffle,N,N,,,Animalia,,EcoAnalysts,8436.6-16,230,Larvae,Ephemeroptera,Arthropoda,1,ABM-RBV,100530,Maccaffertium mediopunctatum,18694,Muddy Brook ,,,,,Hexapoda,,,,,Maccaffertium mediopunctatum,L. Smith,,0,100,1
1,,0,Insecta,N,1,RBV-2024-016,10/18/2024,1141,KN1M2,Y,Leptophlebiidae,Neoleptophlebia,Riffle,N,N,,,Animalia,,EcoAnalysts,8436.6-16,12780,Larvae,Ephemeroptera,Arthropoda,1,ABM-RBV,NA, sp. ,18694,Muddy Brook ,,,,,Hexapoda,,,,,Neoleptophlebia sp.,L. Smith,,0,100,1
1,,0,Insecta,N,1,RBV-2024-016,10/18/2024,250,KN1M2,Y,Corydalidae,Nigronia,Riffle,Y,N,,,Animalia,,EcoAnalysts,8436.6-16,1262,Larvae,Megaloptera,Arthropoda,1,ABM-RBV,115028,sp.,18694,Muddy Brook ,Pterygota,Chauliodinae,,,Hexapoda,,,,Neuropterida,Nigronia sp.,L. Smith,,0,100,1
1,,0,Insecta,N,1,RBV-2024-016,10/18/2024,883,KN1M2,Y,Aeshnidae,Boyeria,Riffle,N,N,,,Animalia,,EcoAnalysts,8436.6-16,2797,Larvae,Odonata,Arthropoda,1,ABM-RBV,101647,Boyeria vinosa,18694,Muddy Brook ,,,,Anisoptera,Hexapoda,,,,,Boyeria vinosa,L. Smith,,0,100,1
1,,0,Insecta,N,1,RBV-2024-016,10/18/2024,337,KN1M2,Y,Chloroperlidae,Sweltsa,Riffle,N,N,,,Animalia,,EcoAnalysts,8436.6-16,321,Larvae,Plecoptera,Arthropoda,1,ABM-RBV,103273,sp.,18694,Muddy Brook ,Pterygota,,,,Hexapoda,,,,,Sweltsa sp.,L. Smith,,0,100,1
1,,0,Insecta,N,1,RBV-2024-016,10/18/2024,325,KN1M2,Y,Peltoperlidae,Tallaperla,Riffle,N,N,,,Animalia,,EcoAnalysts,8436.6-16,355,Larvae,Plecoptera,Arthropoda,1,ABM-RBV,102500,sp.,18694,Muddy Brook ,Pterygota,,,,Hexapoda,,,,,Tallaperla sp.,L. Smith,,0,100,1
3,,0,Insecta,N,3,RBV-2024-016,10/18/2024,340,KN1M2,Y,Perlidae,Acroneuria,Riffle,N,N,,,Animalia,,EcoAnalysts,8436.6-16,360,Larvae,Plecoptera,Arthropoda,1,ABM-RBV,102919,Acroneuria abnormis,18694,Muddy Brook ,Pterygota,,,,Hexapoda,,,,,Acroneuria abnormis,L. Smith,,0,100,1
2,,0,Insecta,N,2,RBV-2024-016,10/18/2024,762,KN1M2,Y,Glossosomatidae,Glossosoma,Riffle,N,N,,,Animalia,,EcoAnalysts,8436.6-16,536,Larvae,Trichoptera,Arthropoda,1,ABM-RBV,117159,sp.,18694,Muddy Brook ,Pterygota,,,,Hexapoda,,,,,Glossosoma sp.,L. Smith,,0,100,1
1,,0,Insecta,N,1,RBV-2024-016,10/18/2024,773,KN1M2,Y,Hydropsychidae,Hydropsyche,Riffle,Y,N,,,Animalia,,EcoAnalysts,8436.6-16,565,Larvae,Trichoptera,Arthropoda,1,ABM-RBV,115453,sp.,18694,Muddy Brook ,Pterygota,Hydropsychinae,,,Hexapoda,,,,,Hydropsyche sp.,L. Smith,,0,100,1
1,,0,Insecta,N,1,RBV-2024-016,10/18/2024,829,KN1M2,Y,Philopotamidae,Dolophilodes,Riffle,N,N,,,Animalia,,EcoAnalysts,8436.6-16,638,Larvae,Trichoptera,Arthropoda,1,ABM-RBV,115319,sp.,18694,Muddy Brook ,Pterygota,,,,Hexapoda,,,,,Dolophilodes sp.,L. Smith,,0,100,1
2,,0,Insecta,N,2,RBV-2024-013,10/18/2024,742,KN1M2,Y,Tipulidae,Tipula,Riffle,N,N,,,Animalia,,EcoAnalysts,8436.6-13,764,Larvae,Diptera,Arthropoda,1,ABM-RBV,119037,sp.,15312,Beaver Brook,,Tipulinae,,,Hexapoda,,,,,Tipula sp.,L. Smith,,0,100,1
6,,0,Insecta,N,6,RBV-2024-013,10/18/2024,994,KN1M2,Y,Heptageniidae,Maccaffertium,Riffle,N,N,,,Animalia,,EcoAnalysts,8436.6-13,232,Larvae,Ephemeroptera,Arthropoda,1,ABM-RBV,100532,Maccaffertium modestum,15312,Beaver Brook,,,,,Hexapoda,,,,,Maccaffertium modestum,L. Smith,,0,100,1
2,,0,Insecta,N,2,RBV-2024-013,10/18/2024,429,KN1M2,Y,Isonychiidae,Isonychia,Riffle,N,N,,,Animalia,,EcoAnalysts,8436.6-13,251,Larvae,Ephemeroptera,Arthropoda,1,ABM-RBV,101041,sp.,15312,Beaver Brook,,,,,Hexapoda,,,,,Isonychia sp.,L. Smith,,0,100,1
1,,0,Insecta,N,1,RBV-2024-013,10/18/2024,749,KN1M2,Y,Corydalidae,Corydalus,Riffle,N,N,,,Animalia,,EcoAnalysts,8436.6-13,507,Larvae,Megaloptera,Arthropoda,1,ABM-RBV,115034,Corydalus cornutus,15312,Beaver Brook,Pterygota,Corydalinae,,,Hexapoda,,,,Neuropterida,Corydalus cornutus,L. Smith,,0,100,1
3,,0,Insecta,N,3,RBV-2024-013,10/18/2024,883,KN1M2,Y,Aeshnidae,Boyeria,Riffle,N,N,,,Animalia,,EcoAnalysts,8436.6-13,2797,Larvae,Odonata,Arthropoda,1,ABM-RBV,101647,Boyeria vinosa,15312,Beaver Brook,,,,Anisoptera,Hexapoda,,,,,Boyeria vinosa,L. Smith,,0,100,1
1,,0,Insecta,N,1,RBV-2024-013,10/18/2024,884,KN1M2,Y,Gomphidae,,Riffle,Y,N,,,Animalia,,EcoAnalysts,8436.6-13,277,Larvae,Odonata,Arthropoda,1,ABM-RBV,101664,,15312,Beaver Brook,,,,Anisoptera,Hexapoda,,,,,Gomphidae,L. Smith,,0,100,1
4,,0,Insecta,N,4,RBV-2024-013,10/18/2024,313,KN1M2,Y,Capniidae,,Riffle,Y,N,,,Animalia,,EcoAnalysts,8436.6-13,308,Larvae,Plecoptera,Arthropoda,1,ABM-RBV,102643,,15312,Beaver Brook,Pterygota,,,,Hexapoda,,,,,Capniidae,L. Smith,,0,100,1
2,,0,Insecta,N,2,RBV-2024-013,10/18/2024,325,KN1M2,Y,Peltoperlidae,Tallaperla,Riffle,N,N,,,Animalia,,EcoAnalysts,8436.6-13,355,Larvae,Plecoptera,Arthropoda,1,ABM-RBV,102500,sp.,15312,Beaver Brook,Pterygota,,,,Hexapoda,,,,,Tallaperla sp.,L. Smith,,0,100,1
4,,0,Insecta,N,4,RBV-2024-013,10/18/2024,340,KN1M2,Y,Perlidae,Acroneuria,Riffle,N,N,,,Animalia,,EcoAnalysts,8436.6-13,360,Larvae,Plecoptera,Arthropoda,1,ABM-RBV,102919,Acroneuria abnormis,15312,Beaver Brook,Pterygota,,,,Hexapoda,,,,,Acroneuria abnormis,L. Smith,,0,100,1
1,,0,Insecta,N,1,RBV-2024-013,10/18/2024,770,KN1M2,Y,Hydropsychidae,Cheumatopsyche,Riffle,N,N,,,Animalia,,EcoAnalysts,8436.6-13,544,Larvae,Trichoptera,Arthropoda,1,ABM-RBV,115408,sp.,15312,Beaver Brook,Pterygota,Hydropsychinae,,,Hexapoda,,,,,Cheumatopsyche sp.,L. Smith,,0,100,1
4,,0,Insecta,N,4,RBV-2024-013,10/18/2024,774,KN1M2,Y,Hydropsychidae,Hydropsyche,Riffle,N,N,,,Animalia,,EcoAnalysts,8436.6-13,546,Larvae,Trichoptera,Arthropoda,1,ABM-RBV,115454,Hydropsyche betteni,15312,Beaver Brook,Pterygota,Hydropsychinae,,,Hexapoda,,,,,Hydropsyche betteni,L. Smith,,0,100,1
4,,0,Insecta,N,4,RBV-2024-013,10/18/2024,826,KN1M2,Y,Philopotamidae,Chimarra,Riffle,N,N,,,Animalia,,EcoAnalysts,8436.6-13,635,Larvae,Trichoptera,Arthropoda,1,ABM-RBV,115278,Chimarra aterrima,15312,Beaver Brook,Pterygota,,,,Hexapoda,,,,,Chimarra aterrima,L. Smith,,0,100,1
1,,0,Gastropoda,N,1,RBV-2024-013,10/18/2024,977,KN1M2,Y,Lymnaeidae,Galba,Riffle,N,N,,,Animalia,,EcoAnalysts,8436.6-13,87,N/A,Hygrophila,Mollusca,1,ABM-RBV,NA,sp.,15312,Beaver Brook,Heterobranchia,,,,,,,Lymneoidea,,Galba sp.,L. Smith,,0,100,1
